,City,Country,Lat,Lng,Max Temp,Wind Speed,Humidity,Cloudiness,Date
0,Vila Franca do Campo,PT,37.72,-25.43,69.8,2.24,88,20,1537673400
1,Castro,CL,-42.48,-73.76,45.57,7.2,100,88,1537675391
2,Dikson,RU,73.51,80.55,41.61,12.24,90,92,1537675391
3,East London,ZA,-33.02,27.91,57.2,4.7,82,0,1537671600
4,Amapa,HN,15.09,-87.97,75.2,3.36,88,75,1537675200
5,Bredasdorp,ZA,-34.53,20.04,42.8,3.36,87,0,1537671600
6,Greenwood,US,32.03,-101.9,69.08,7.31,62,0,1537672200
7,Coquimbo,CL,-29.95,-71.34,54.17,6.87,100,0,1537675393
8,Georgetown,GY,6.8,-58.16,77.0,4.7,94,0,1537671600
9,Santa Cruz,US,36.97,-122.03,68.0,8.05,76,1,1537673700
10,Suntar,RU,62.16,117.65,52.28,5.64,62,0,1537675395
11,Alice Springs,AU,-23.7,133.88,80.6,6.93,11,0,1537673400
12,Mitsamiouli,KM,-11.38,43.28,69.8,5.82,94,20,1537671600
13,Phangnga,TH,8.45,98.53,87.8,8.05,74,20,1537673400
14,Chuy,UY,-33.69,-53.46,65.96,8.77,97,92,1537675292
15,Tasiilaq,GL,65.61,-37.64,32.0,4.7,100,0,1537674600
16,Punta Arenas,CL,-53.16,-70.91,28.4,6.93,79,40,1537671600
17,Fredensborg,DK,55.97,12.41,53.6,16.11,87,20,1537672800
18,Bethel,US,60.79,-161.76,50.0,21.92,89,90,1537673100
19,Chokurdakh,RU,70.62,147.9,35.72,5.75,97,92,1537675398
20,Port Alfred,ZA,-33.59,26.89,60.47,7.2,100,24,1537675398
21,Biltine,TD,14.53,20.93,81.71,13.69,29,44,1537675398
22,Mar del Plata,AR,-46.43,-67.52,41.52,7.54,100,88,1537675398
23,Onverwacht,SR,5.59,-55.2,75.2,3.36,94,0,1537675200
24,Bradford,GB,53.79,-1.75,44.6,6.93,81,0,1537672800
25,Turukhansk,RU,65.8,87.96,49.17,12.35,99,88,1537675399
26,Mataura,NZ,-46.19,168.86,45.71,14.7,95,92,1537675399
27,Mataura,NZ,-46.19,168.86,45.71,14.7,95,92,1537675399
28,Arraial do Cabo,BR,-22.97,-42.02,67.04,2.95,100,20,1537675400
29,Worthington,US,43.62,-95.6,59.0,6.93,87,1,1537673700
30,General Pico,AR,-35.66,-63.75,64.92,9.22,27,56,1537675400
31,Vaini,IN,15.34,74.49,71.9,2.73,92,48,1537675401
32,Adrar,DZ,27.87,-0.29,84.2,13.87,32,40,1537671600
33,Roald,NO,62.58,6.12,46.4,10.29,81,92,1537672800
34,San Ignacio,CL,-36.8,-72.03,50.0,4.7,93,92,1537671600
35,Mataura,NZ,-46.19,168.86,45.71,14.7,95,92,1537675399
36,Saldanha,PT,41.42,-6.55,51.56,1.95,79,8,1537675118
37,Georgetown,GY,6.8,-58.16,77.0,4.7,94,0,1537671600
38,Mataura,NZ,-46.19,168.86,45.71,14.7,95,92,1537675399
39,Tasiilaq,GL,65.61,-37.64,32.0,4.7,100,0,1537674600
40,San Jose,PH,15.79,120.99,83.78,1.95,82,8,1537675112
41,Marawi,PH,8.0,124.29,75.95,2.73,86,76,1537675403
42,Kodiak,US,39.95,-94.76,51.98,5.19,96,1,1537674780
43,Taltal,CL,-25.41,-70.49,50.61,1.5,97,0,1537675403
44,Saint-Philippe,CA,45.36,-73.48,50.0,5.82,81,1,1537672500
45,Port Alfred,ZA,-33.59,26.89,60.47,7.2,100,24,1537675398
46,Srednekolymsk,RU,67.46,153.71,35.72,3.4,91,92,1537675404
47,Ushuaia,AR,-54.81,-68.31,32.0,10.29,100,75,1537671600
48,Bredasdorp,ZA,-34.53,20.04,42.8,3.36,87,0,1537671600
49,Rikitea,PF,-23.12,-134.97,71.09,7.09,100,92,1537675404
50,Saint George,GR,39.45,22.34,62.6,4.7,63,0,1537672800
51,Batemans Bay,AU,-35.71,150.18,60.11,4.18,80,56,1537675405
52,Porto Belo,BR,-27.15,-48.54,71.6,10.29,88,75,1537675200
53,Daru,SL,7.99,-10.85,72.89,8.43,99,92,1537675405
54,Mataura,NZ,-46.19,168.86,45.71,14.7,95,92,1537675399
55,Ribeira Grande,PT,38.52,-28.7,75.36,15.37,95,76,1537675406
56,Lompoc,US,34.64,-120.46,60.98,4.7,77,1,1537673940
57,Hithadhoo,MV,-0.6,73.08,83.82,5.53,100,56,1537675406
58,Ylojarvi,FI,61.56,23.6,44.6,6.93,93,0,1537672800
59,Torbay,CA,47.66,-52.73,46.4,9.17,81,40,1537671600
60,Bluff,AU,-23.58,149.07,82.47,11.23,29,0,1537675407
61,Rocha,UY,-34.48,-54.34,65.82,2.84,98,92,1537675407
62,Chokurdakh,RU,70.62,147.9,35.72,5.75,97,92,1537675398
63,Constitucion,MX,23.99,-104.67,62.6,3.36,88,90,1537670700
64,Busselton,AU,-33.64,115.35,62.67,4.97,97,44,1537675407
65,Rochegda,RU,62.67,43.41,62.67,9.1,77,0,1537675408
66,Taylor,US,30.57,-97.41,71.06,9.22,88,90,1537672620
67,Lubao,PH,14.94,120.6,87.8,2.24,66,40,1537671600
68,Khani,GE,41.96,42.96,60.8,4.7,93,40,1537673400
69,Hermanus,ZA,-34.42,19.24,33.29,2.73,96,0,1537675409
70,Punto Fijo,VE,11.69,-70.21,82.4,19.51,65,20,1537671600
71,Guangyuan,CN,32.43,105.86,69.69,2.73,83,64,1537675409
72,Geraldton,CA,49.72,-86.95,35.6,3.36,93,90,1537671600
73,Quatre Cocos,MU,-20.21,57.76,77.0,16.11,65,40,1537675200
74,Vite,ES,42.89,-8.54,62.6,2.24,100,90,1537673400
75,New Norfolk,AU,-42.78,147.06,51.8,23.04,64,20,1537673400
76,Rikitea,PF,-23.12,-134.97,71.09,7.09,100,92,1537675404
77,Skibbereen,IE,51.55,-9.27,48.2,9.17,87,75,1537673400
78,Tasiilaq,GL,65.61,-37.64,32.0,4.7,100,0,1537674600
79,Honiara,SB,-9.43,159.96,84.2,12.75,74,75,1537671600
80,Dikson,RU,73.51,80.55,41.61,12.24,90,92,1537675391
81,Torbay,CA,47.66,-52.73,46.4,9.17,81,40,1537671600
82,Piqua,US,40.14,-84.24,57.38,4.7,89,75,1537674960
83,Port Blair,IN,11.67,92.75,82.61,8.99,100,8,1537675411
84,Hilo,US,19.71,-155.08,82.04,6.93,62,40,1537671780
85,Arraial do Cabo,BR,-22.97,-42.02,67.04,2.95,100,20,1537675400
86,Portland,US,45.52,-122.67,62.06,4.7,66,20,1537674780
87,Esperance,TT,10.24,-61.45,77.0,4.74,94,20,1537671600
88,Lorengau,PG,-2.02,147.27,84.32,5.19,99,48,1537675412
89,Chuy,UY,-33.69,-53.46,65.96,8.77,97,92,1537675292
90,Carnarvon,ZA,-30.97,22.13,37.43,6.2,63,12,1537675413
91,Ushuaia,AR,-54.81,-68.31,32.0,10.29,100,75,1537671600
92,Geraldton,CA,49.72,-86.95,35.6,3.36,93,90,1537671600
93,Beyneu,KZ,45.32,55.19,46.47,2.84,81,0,1537675413
94,Meulaboh,ID,4.14,96.13,81.17,7.65,100,0,1537675413
95,Cabo San Lucas,MX,22.89,-109.91,80.6,11.79,78,20,1537670460
96,Rikitea,PF,-23.12,-134.97,71.09,7.09,100,92,1537675404
97,Dikson,RU,73.51,80.55,41.61,12.24,90,92,1537675391
98,Bluff,AU,-23.58,149.07,82.47,11.23,29,0,1537675407
99,Noumea,NC,-22.28,166.46,73.4,20.8,49,0,1537673400
100,Kavaratti,IN,10.57,72.64,80.94,3.96,100,64,1537675414
101,Teguldet,RU,57.31,88.17,52.19,4.74,91,48,1537675415
102,Barrow,AR,-38.31,-60.23,55.88,9.66,40,0,1537675415
103,Victoria,BN,5.28,115.24,87.8,4.7,79,75,1537673400
104,Sao Jose da Coroa Grande,BR,-8.9,-35.15,72.8,4.74,95,92,1537675416
105,Atambua,ID,-9.11,124.89,87.69,3.62,66,0,1537675416
106,Inuvik,CA,68.36,-133.71,37.4,6.93,93,75,1537671600
107,Muzaffarpur,IN,26.12,85.39,87.8,4.63,74,20,1537673400
108,Mar del Plata,AR,-46.43,-67.52,41.52,7.54,100,88,1537675398
109,Bluff,AU,-23.58,149.07,82.47,11.23,29,0,1537675407
110,Banikoara,BJ,11.3,2.44,71.04,3.4,93,20,1537675417
111,Kulhudhuffushi,MV,6.62,73.07,79.28,6.2,100,80,1537675417
112,Port Hardy,CA,50.7,-127.42,44.6,4.7,87,20,1537671600
113,Rikitea,PF,-23.12,-134.97,71.09,7.09,100,92,1537675404
114,Ushuaia,AR,-54.81,-68.31,32.0,10.29,100,75,1537671600
115,Parrsboro,CA,45.41,-64.33,46.4,3.36,93,75,1537671600
116,Oga,NG,8.18,5.65,70.41,6.2,97,92,1537675418
117,Atikokan,CA,48.76,-91.62,38.96,8.21,100,92,1537675418
118,Butaritari,KI,3.07,172.79,85.17,6.64,100,8,1537675418
119,Bredasdorp,ZA,-34.53,20.04,42.8,3.36,87,0,1537671600
120,Busselton,AU,-33.64,115.35,62.67,4.97,97,44,1537675407
121,Khorinsk,RU,52.16,109.78,49.44,3.29,61,64,1537675419
122,Cherskiy,RU,68.75,161.3,36.08,2.39,90,92,1537675419
123,Ugoofaaru,MV,5.67,73.0,80.76,7.99,100,80,1537675419
124,Shvartsevskiy,RU,54.1,37.99,62.22,10.45,55,68,1537675250
125,Ushuaia,AR,-54.81,-68.31,32.0,10.29,100,75,1537671600
126,Rikitea,PF,-23.12,-134.97,71.09,7.09,100,92,1537675404
127,New Norfolk,AU,-42.78,147.06,51.8,23.04,64,20,1537673400
128,Lalmohan,BD,22.34,90.74,84.14,6.53,94,48,1537675420
129,Mataura,NZ,-46.19,168.86,45.71,14.7,95,92,1537675399
130,Ushuaia,AR,-54.81,-68.31,32.0,10.29,100,75,1537671600
131,Bluff,AU,-23.58,149.07,82.47,11.23,29,0,1537675407
132,Avarua,CK,-21.21,-159.78,73.4,11.41,83,75,1537671600
133,Jamestown,AU,-33.21,138.6,69.47,6.2,34,36,1537675421
134,Batesville,US,35.77,-91.64,64.94,5.82,93,90,1537671360
135,Kahului,US,20.89,-156.47,84.92,13.87,65,40,1537674300
136,Castro,CL,-42.48,-73.76,45.57,7.2,100,88,1537675391
137,Turan,RU,52.15,93.92,47.78,2.95,70,8,1537675422
138,Rikitea,PF,-23.12,-134.97,71.09,7.09,100,92,1537675404
139,Nikolskoye,RU,59.7,30.79,48.2,6.71,87,0,1537671600
140,Rikitea,PF,-23.12,-134.97,71.09,7.09,100,92,1537675404
141,Rocha,UY,-34.48,-54.34,65.82,2.84,98,92,1537675407
142,Maragogi,BR,-9.01,-35.22,72.8,4.74,95,92,1537675283
143,Golden,CA,51.3,-116.96,37.7,0.38,100,80,1537675423
144,Bluff,AU,-23.58,149.07,82.47,11.23,29,0,1537675407
145,Sao Filipe,CV,14.9,-24.5,78.83,14.7,94,12,1537675423
146,Saint-Philippe,CA,45.36,-73.48,50.0,5.82,81,1,1537672500
147,Necochea,AR,-38.55,-58.74,48.59,3.29,86,0,1537675342
148,Saint-Philippe,CA,45.36,-73.48,50.0,5.82,81,1,1537672500
149,New Norfolk,AU,-42.78,147.06,51.8,23.04,64,20,1537673400
150,Rikitea,PF,-23.12,-134.97,71.09,7.09,100,92,1537675404
151,Albany,US,42.65,-73.75,51.98,4.7,74,90,1537674660
152,Cayenne,GF,4.94,-52.33,77.0,2.24,94,0,1537673400
153,Pevek,RU,69.7,170.27,44.36,2.17,100,76,1537675424
154,Bluff,AU,-23.58,149.07,82.47,11.23,29,0,1537675407
155,Yellowknife,CA,62.45,-114.38,41.0,10.29,74,20,1537671600
156,Kirakira,SB,-10.46,161.92,81.17,13.91,100,20,1537675425
157,Upernavik,GL,72.79,-56.15,28.52,7.2,100,12,1537675425
158,Longyearbyen,NO,78.22,15.63,35.6,26.4,64,75,1537671000
159,Saskylakh,RU,71.97,114.09,37.25,5.53,95,68,1537675426
160,Ushuaia,AR,-54.81,-68.31,32.0,10.29,100,75,1537671600
161,Bethel,US,60.79,-161.76,50.0,21.92,89,90,1537673100
162,Arraial do Cabo,BR,-22.97,-42.02,67.04,2.95,100,20,1537675400
163,Punta Arenas,CL,-53.16,-70.91,28.4,6.93,79,40,1537671600
164,Namibe,AO,-15.19,12.15,65.42,3.74,100,0,1537675266
165,Carutapera,BR,-1.2,-46.02,78.87,10.11,86,20,1537675339
166,Sitka,US,37.17,-99.65,57.68,6.64,64,0,1537675427
167,Yar-Sale,RU,66.83,70.83,46.97,15.03,100,88,1537675427
168,Henties Bay,NA,-22.12,14.28,53.63,7.2,100,12,1537675427
169,Bambous Virieux,MU,-20.34,57.76,77.0,16.11,65,40,1537675200
170,Sangar,RU,63.92,127.47,44.63,7.2,76,0,1537675428
171,Esperance,TT,10.24,-61.45,77.0,4.74,94,20,1537671600
172,Punta Arenas,CL,-53.16,-70.91,28.4,6.93,79,40,1537671600
173,Norman Wells,CA,65.28,-126.83,48.2,5.82,34,75,1537671600
174,New Norfolk,AU,-42.78,147.06,51.8,23.04,64,20,1537673400
175,Butaritari,KI,3.07,172.79,85.17,6.64,100,8,1537675418
176,Scottsbluff,US,41.87,-103.67,66.02,6.93,47,1,1537674780
177,Hilo,US,19.71,-155.08,82.04,6.93,62,40,1537671780
178,Hobyo,SO,5.35,48.53,75.5,19.51,88,0,1537675429
179,Busselton,AU,-33.64,115.35,62.67,4.97,97,44,1537675407
180,Chuy,UY,-33.69,-53.46,65.96,8.77,97,92,1537675292
181,Mataura,NZ,-46.19,168.86,45.71,14.7,95,92,1537675399
182,Rocha,UY,-34.48,-54.34,65.82,2.84,98,92,1537675407
183,La Primavera,AR,-32.92,-68.67,73.4,9.17,56,0,1537671600
184,Kloulklubed,PW,7.04,134.26,86.0,17.22,70,90,1537671120
185,Balakhta,RU,55.38,91.62,53.04,3.51,95,8,1537675431
186,Saint George,GR,39.45,22.34,62.6,4.7,63,0,1537672800
187,Atuona,PF,-9.8,-139.03,79.82,8.32,100,0,1537675431
188,Thinadhoo,MV,0.53,72.93,83.51,1.95,100,88,1537675431
189,Qasigiannguit,GL,68.82,-51.19,30.2,17.22,42,0,1537674600
190,Yeppoon,AU,-23.13,150.74,80.6,10.29,39,40,1537673400
191,Sao Joao da Barra,BR,-21.64,-41.05,72.35,5.86,100,0,1537675432
192,Cape Town,ZA,-33.93,18.42,55.4,12.75,71,0,1537671600
193,Joao Pinheiro,BR,-17.74,-46.17,70.32,6.76,65,12,1537675433
194,Rikitea,PF,-23.12,-134.97,71.09,7.09,100,92,1537675404
195,Ostrovnoy,RU,68.05,39.51,48.59,17.83,84,20,1537675433
196,Vaini,IN,15.34,74.49,71.9,2.73,92,48,1537675401
197,Souillac,FR,45.6,-0.6,68.0,5.82,88,90,1537673400
198,Zacualpan,MX,21.25,-105.17,78.8,1.83,100,75,1537670520
199,Yeovil,GB,50.94,-2.63,51.8,10.29,100,90,1537672800
200,Porbandar,IN,21.64,69.61,82.4,16.11,88,75,1537673400
201,Liverpool,GB,53.41,-2.98,48.2,4.7,81,20,1537672800
202,Carnarvon,ZA,-30.97,22.13,37.43,6.2,63,12,1537675413
203,Haines Junction,CA,60.75,-137.51,44.45,5.19,62,76,1537675434
204,Egvekinot,RU,66.32,-179.17,40.31,3.4,84,56,1537675434
205,Sola,NO,58.89,5.65,50.0,14.99,76,75,1537672800
206,Upernavik,GL,72.79,-56.15,28.52,7.2,100,12,1537675425
207,Kapaa,US,22.08,-159.32,84.02,10.29,81,40,1537671360
208,Saskylakh,RU,71.97,114.09,37.25,5.53,95,68,1537675426
209,Bredasdorp,ZA,-34.53,20.04,42.8,3.36,87,0,1537671600
210,Djibo,BF,14.1,-1.63,71.49,3.18,91,0,1537675436
211,Faanui,PF,-16.48,-151.75,74.6,19.95,100,92,1537675436
212,Cabo San Lucas,MX,22.89,-109.91,80.6,11.79,78,20,1537670460
213,Sterling,US,39.0,-77.4,66.02,3.36,82,1,1537672500
214,Cidreira,BR,-30.17,-50.22,69.92,10.67,84,24,1537675436
215,Ushuaia,AR,-54.81,-68.31,32.0,10.29,100,75,1537671600
216,Hobart,AU,-42.88,147.33,51.8,23.04,60,20,1537673400
217,Norman Wells,CA,65.28,-126.83,48.2,5.82,34,75,1537671600
218,Araouane,ML,18.9,-3.53,79.32,7.43,40,20,1537675437
219,Ponta do Sol,BR,-20.63,-46.0,62.54,7.54,83,0,1537675437
220,Thompson,CA,55.74,-97.86,26.6,3.4,73,5,1537671600
221,Chuy,UY,-33.69,-53.46,65.96,8.77,97,92,1537675292
222,Punta Arenas,CL,-53.16,-70.91,28.4,6.93,79,40,1537671600
223,Ushuaia,AR,-54.81,-68.31,32.0,10.29,100,75,1537671600
224,Hobart,AU,-42.88,147.33,51.8,23.04,60,20,1537673400
225,Adre,TD,13.47,22.2,76.31,8.21,55,0,1537675438
226,Punta Arenas,CL,-53.16,-70.91,28.4,6.93,79,40,1537671600
227,Krasnoarmeysk,RU,56.12,38.15,53.6,11.18,87,75,1537671600
228,Fort Nelson,CA,58.81,-122.69,50.0,8.05,37,20,1537671600
229,Rikitea,PF,-23.12,-134.97,71.09,7.09,100,92,1537675404
230,Tanda,IN,31.67,75.63,67.62,8.77,98,100,1537675439
231,Progreso,UY,-34.68,-56.22,64.4,5.82,88,0,1537675200
232,Palmer,US,61.6,-149.11,57.92,3.36,77,90,1537671360
233,Masuda,JP,34.68,131.85,78.8,2.24,50,0,1537671600
234,Albany,US,42.65,-73.75,51.98,4.7,74,90,1537674660
235,Tilichiki,RU,60.47,166.1,50.57,4.97,89,44,1537675441
236,Mataura,NZ,-46.19,168.86,45.71,14.7,95,92,1537675399
237,Jalu,LY,29.03,21.55,66.32,3.4,71,0,1537675441
238,Bloomfield,US,40.75,-92.42,54.5,5.97,93,0,1537673700
239,Callaguip,PH,18.07,120.49,87.8,6.93,66,20,1537671600
240,Butaritari,KI,3.07,172.79,85.17,6.64,100,8,1537675418
241,Ushuaia,AR,-54.81,-68.31,32.0,10.29,100,75,1537671600
242,Harrison,US,39.26,-84.82,60.08,5.82,89,90,1537674900
243,Gerash,IR,27.67,54.14,71.6,3.18,53,0,1537671600
244,Vaini,IN,15.34,74.49,71.9,2.73,92,48,1537675401
245,Chokurdakh,RU,70.62,147.9,35.72,5.75,97,92,1537675398
246,Torbay,CA,47.66,-52.73,46.4,9.17,81,40,1537671600
247,Port Alfred,ZA,-33.59,26.89,60.47,7.2,100,24,1537675398
248,Kapaa,US,22.08,-159.32,84.02,10.29,81,40,1537671360
249,Guilin,CN,25.28,110.29,80.6,4.47,78,20,1537671600
250,Punta Arenas,CL,-53.16,-70.91,28.4,6.93,79,40,1537671600
251,Alice Springs,AU,-23.7,133.88,80.6,6.93,11,0,1537673400
252,Ilulissat,GL,69.22,-51.1,30.2,18.34,39,0,1537671000
253,Punta Arenas,CL,-53.16,-70.91,28.4,6.93,79,40,1537671600
254,Rikitea,PF,-23.12,-134.97,71.09,7.09,100,92,1537675404
255,Busselton,AU,-33.64,115.35,62.67,4.97,97,44,1537675407
256,Saint-Francois,FR,46.42,3.91,66.2,3.36,59,90,1537673400
257,Port Alfred,ZA,-33.59,26.89,60.47,7.2,100,24,1537675398
258,New Norfolk,AU,-42.78,147.06,51.8,23.04,64,20,1537673400
259,Hilo,US,19.71,-155.08,82.04,6.93,62,40,1537671780
260,Kichera,RU,55.93,110.1,46.47,2.51,67,0,1537675445
261,Paamiut,GL,61.99,-49.67,41.52,42.43,92,92,1537675445
262,Codrington,AU,-28.95,153.24,74.64,3.18,61,0,1537675445
263,Hobyo,SO,5.35,48.53,75.5,19.51,88,0,1537675429
264,Nikolskoye,RU,59.7,30.79,48.2,6.71,87,0,1537671600
265,Jalingo,NG,10.21,12.82,68.39,6.64,97,68,1537675446
266,Tiksi,RU,71.64,128.87,34.82,12.46,100,64,1537675446
267,Kahului,US,20.89,-156.47,84.92,13.87,65,40,1537674300
268,Khatanga,RU,71.98,102.47,46.07,3.51,95,92,1537675446
269,Bredasdorp,ZA,-34.53,20.04,42.8,3.36,87,0,1537671600
270,Torbay,CA,47.66,-52.73,46.4,9.17,81,40,1537671600
271,Punta Arenas,CL,-53.16,-70.91,28.4,6.93,79,40,1537671600
272,Kungurtug,RU,50.6,97.53,48.32,3.51,40,8,1537675447
273,East London,ZA,-33.02,27.91,57.2,4.7,82,0,1537671600
274,Mataura,NZ,-46.19,168.86,45.71,14.7,95,92,1537675399
275,Mar del Plata,AR,-46.43,-67.52,41.52,7.54,100,88,1537675398
276,Silvania,CO,4.4,-74.39,55.4,3.36,71,20,1537671600
277,Khatanga,RU,71.98,102.47,46.07,3.51,95,92,1537675446
278,Morgan City,US,29.7,-91.21,75.92,7.43,95,1,1537673700
279,Rosetta,EG,31.4,30.42,77.0,6.93,65,40,1537671600
280,Rikitea,PF,-23.12,-134.97,71.09,7.09,100,92,1537675404
281,Yellowknife,CA,62.45,-114.38,41.0,10.29,74,20,1537671600
282,Vaini,IN,15.34,74.49,71.9,2.73,92,48,1537675401
283,Clyde River,CA,70.47,-68.59,21.2,12.75,92,75,1537671600
284,Mount Gambier,AU,-37.83,140.78,54.35,6.2,72,36,1537675449
285,Ushuaia,AR,-54.81,-68.31,32.0,10.29,100,75,1537671600
286,Waipawa,NZ,-39.94,176.59,62.22,2.84,61,0,1537675449
287,Jamestown,AU,-33.21,138.6,69.47,6.2,34,36,1537675421
288,Ilulissat,GL,69.22,-51.1,30.2,18.34,39,0,1537671000
289,Provideniya,RU,64.42,-173.23,46.56,15.59,92,0,1537675450
290,Storforshei,NO,66.4,14.52,35.27,6.31,100,92,1537675450
291,Atar,MR,20.52,-13.05,71.67,4.18,42,0,1537675450
292,Upernavik,GL,72.79,-56.15,28.52,7.2,100,12,1537675425
293,Carnarvon,ZA,-30.97,22.13,37.43,6.2,63,12,1537675413
294,Filadelfia,PY,-22.35,-60.04,87.74,13.8,51,0,1537675451
295,Bosaso,SO,11.28,49.18,79.55,3.06,100,0,1537675451
296,Punta Arenas,CL,-53.16,-70.91,28.4,6.93,79,40,1537671600
297,Betafo,MG,-19.84,46.86,41.34,4.18,78,0,1537675451
298,Mayo,CA,63.59,-135.9,42.8,2.24,81,90,1537671600
299,Hobart,AU,-42.88,147.33,51.8,23.04,60,20,1537673400
300,Lebu,ET,8.96,38.73,53.6,4.7,76,20,1537671600
301,Gizo,IL,31.8,34.94,75.2,2.24,78,20,1537672800
302,Butaritari,KI,3.07,172.79,85.17,6.64,100,8,1537675418
303,Qaanaaq,GL,77.48,-69.36,16.14,10.22,100,0,1537675453
304,Nikolskoye,RU,59.7,30.79,48.2,6.71,87,0,1537671600
305,Bluff,AU,-23.58,149.07,82.47,11.23,29,0,1537675407
306,Ushuaia,AR,-54.81,-68.31,32.0,10.29,100,75,1537671600
307,Albany,US,42.65,-73.75,51.98,4.7,74,90,1537674660
308,Bulgan,MN,48.81,103.53,48.36,4.07,54,44,1537675453
309,Atuona,PF,-9.8,-139.03,79.82,8.32,100,0,1537675431
310,Geraldton,CA,49.72,-86.95,35.6,3.36,93,90,1537671600
311,Georgetown,GY,6.8,-58.16,77.0,4.7,94,0,1537671600
312,Faanui,PF,-16.48,-151.75,74.6,19.95,100,92,1537675436
313,Kapaa,US,22.08,-159.32,84.02,10.29,81,40,1537671360
314,Khatanga,RU,71.98,102.47,46.07,3.51,95,92,1537675446
315,Oriximina,BR,-1.77,-55.87,84.32,5.64,61,0,1537675454
316,Coracora,PE,-15.02,-73.78,37.43,3.85,93,0,1537675454
317,Dingle,PH,11.0,122.67,80.04,0.38,100,68,1537675455
318,Puerto Ayora,EC,-0.74,-90.35,69.56,11.01,100,0,1537675455
319,Creston,US,41.06,-94.36,59.0,4.7,81,1,1537673700
320,Albany,US,42.65,-73.75,51.98,4.7,74,90,1537674660
321,Salta,AR,-24.79,-65.41,73.4,6.93,60,0,1537675200
322,Jamestown,AU,-33.21,138.6,69.47,6.2,34,36,1537675421
323,Butaritari,KI,3.07,172.79,85.17,6.64,100,8,1537675418
324,Manuk Mangkaw,PH,4.8,119.85,84.59,5.3,100,12,1537675456
325,Punta Arenas,CL,-53.16,-70.91,28.4,6.93,79,40,1537671600
326,Port Elizabeth,US,39.31,-74.98,64.04,3.36,75,90,1537674900
327,Avarua,CK,-21.21,-159.78,73.4,11.41,83,75,1537671600
328,Waipawa,NZ,-39.94,176.59,62.22,2.84,61,0,1537675449
329,Punta Arenas,CL,-53.16,-70.91,28.4,6.93,79,40,1537671600
330,Pokrovsk,UA,48.28,37.18,52.41,2.84,86,0,1537675457
331,Chokurdakh,RU,70.62,147.9,35.72,5.75,97,92,1537675398
332,Whitehorse,CA,60.72,-135.06,46.4,14.99,61,75,1537671600
333,Luderitz,NA,-26.65,15.16,52.64,17.05,86,0,1537675458
334,Nouadhibou,MR,20.93,-17.03,69.8,19.46,88,75,1537671600
335,Komsomolskiy,RU,67.55,63.78,51.2,15.37,95,92,1537675458
336,Hamilton,CA,43.26,-79.87,59.0,2.24,87,20,1537671600
337,Zhenhai,CN,29.95,121.71,80.6,4.47,78,40,1537671600
338,Wajir,KE,1.75,40.07,72.26,8.55,81,48,1537675459
339,Yumen,CN,40.29,97.04,55.47,9.44,40,24,1537675459
340,Narsaq,GL,60.91,-46.05,50.0,25.28,25,92,1537674600
341,Bethel,US,60.79,-161.76,50.0,21.92,89,90,1537673100
342,Punta Arenas,CL,-53.16,-70.91,28.4,6.93,79,40,1537671600
343,Lompoc,US,34.64,-120.46,60.98,4.7,77,1,1537673940
344,Cape Town,ZA,-33.93,18.42,55.4,12.75,71,0,1537671600
345,Abilene,US,32.45,-99.73,67.46,10.29,100,90,1537672500
346,Cherskiy,RU,68.75,161.3,36.08,2.39,90,92,1537675419
347,Bredasdorp,ZA,-34.53,20.04,42.8,3.36,87,0,1537671600
348,Rikitea,PF,-23.12,-134.97,71.09,7.09,100,92,1537675404
349,Avarua,CK,-21.21,-159.78,73.4,11.41,83,75,1537671600
350,Georgetown,GY,6.8,-58.16,77.0,4.7,94,0,1537671600
351,Rikitea,PF,-23.12,-134.97,71.09,7.09,100,92,1537675404
352,Sur,OM,22.57,59.53,83.01,0.72,89,0,1537675461
353,Ushuaia,AR,-54.81,-68.31,32.0,10.29,100,75,1537671600
354,Cape Town,ZA,-33.93,18.42,55.4,12.75,71,0,1537671600
355,Butaritari,KI,3.07,172.79,85.17,6.64,100,8,1537675418
356,Yellowknife,CA,62.45,-114.38,41.0,10.29,74,20,1537671600
357,Yeniseysk,RU,58.45,92.17,52.59,3.4,73,12,1537675462
358,Ushuaia,AR,-54.81,-68.31,32.0,10.29,100,75,1537671600
359,Mana,RS,43.52,20.24,50.0,2.24,100,0,1537673400
360,Marawi,PH,8.0,124.29,75.95,2.73,86,76,1537675403
361,Severo-Kurilsk,RU,50.68,156.12,51.11,5.08,94,44,1537675462
362,Ulaangom,MN,49.98,92.07,48.54,2.39,50,80,1537675463
363,Kieta,PG,-6.22,155.63,79.91,4.41,100,76,1537675463
364,Mahebourg,MU,-20.41,57.7,77.0,16.11,65,40,1537675200
365,Mataura,NZ,-46.19,168.86,45.71,14.7,95,92,1537675399
366,Isangel,VU,-19.55,169.27,71.49,17.72,100,44,1537675463
367,Hermanus,ZA,-34.42,19.24,33.29,2.73,96,0,1537675409
368,Log,IT,45.62,13.84,66.2,3.36,88,56,1537673400
369,Punta Arenas,CL,-53.16,-70.91,28.4,6.93,79,40,1537671600
370,Provideniya,RU,64.42,-173.23,46.56,15.59,92,0,1537675450
371,Te Anau,NZ,-45.41,167.72,47.51,7.43,80,88,1537675180
372,Guerrero Negro,MX,27.97,-114.04,71.0,9.66,87,20,1537675464
373,Mandalgovi,MN,45.76,106.27,46.88,4.74,59,24,1537675465
374,Busselton,AU,-33.64,115.35,62.67,4.97,97,44,1537675407
375,Fort-Shevchenko,KZ,44.51,50.26,61.32,11.23,97,0,1537675465
376,Mataura,NZ,-46.19,168.86,45.71,14.7,95,92,1537675399
377,Purranque,CL,-40.91,-73.16,46.4,5.82,93,75,1537675200
378,Arraial do Cabo,BR,-22.97,-42.02,67.04,2.95,100,20,1537675400
379,Turka,UA,49.16,23.03,42.11,3.4,90,36,1537675466
380,Norman Wells,CA,65.28,-126.83,48.2,5.82,34,75,1537671600
381,Naze,NG,5.43,7.07,71.49,3.51,98,80,1537675466
382,Bluff,AU,-23.58,149.07,82.47,11.23,29,0,1537675407
383,Middle Island,US,40.88,-72.94,64.04,6.2,75,40,1537674960
384,Port Hardy,CA,50.7,-127.42,44.6,4.7,87,20,1537671600
385,Albany,US,42.65,-73.75,51.98,4.7,74,90,1537674660
386,Albany,US,42.65,-73.75,51.98,4.7,74,90,1537674660
387,Punta Arenas,CL,-53.16,-70.91,28.4,6.93,79,40,1537671600
388,Noumea,NC,-22.28,166.46,73.4,20.8,49,0,1537673400
389,Faanui,PF,-16.48,-151.75,74.6,19.95,100,92,1537675436
390,Cape Town,ZA,-33.93,18.42,55.4,12.75,71,0,1537671600
391,Albany,US,42.65,-73.75,51.98,4.7,74,90,1537674660
392,Saskylakh,RU,71.97,114.09,37.25,5.53,95,68,1537675426
393,Georgetown,GY,6.8,-58.16,77.0,4.7,94,0,1537671600
394,Altamira,BR,-3.2,-52.21,81.71,5.41,67,20,1537675468
395,Narsaq,GL,60.91,-46.05,50.0,25.28,25,92,1537674600
396,Rikitea,PF,-23.12,-134.97,71.09,7.09,100,92,1537675404
397,Ostrovnoy,RU,68.05,39.51,48.59,17.83,84,20,1537675433
398,Atuona,PF,-9.8,-139.03,79.82,8.32,100,0,1537675431
399,Ahtopol,BG,42.1,27.94,59.0,8.05,87,0,1537673400
400,Bath,GB,51.38,-2.36,51.8,10.29,100,90,1537672800
401,Hilo,US,19.71,-155.08,82.04,6.93,62,40,1537671780
402,Cap-aux-Meules,CA,47.38,-61.86,56.69,22.3,100,0,1537675469
403,Tiksi,RU,71.64,128.87,34.82,12.46,100,64,1537675446
404,Longyearbyen,NO,78.22,15.63,35.6,26.4,64,75,1537671000
405,Bilma,NE,18.69,12.92,80.94,5.19,19,68,1537675470
406,Ribeira Grande,PT,38.52,-28.7,75.36,15.37,95,76,1537675406
407,Atuona,PF,-9.8,-139.03,79.82,8.32,100,0,1537675431
408,Lavrentiya,RU,65.58,-170.99,46.79,20.07,87,0,1537675470
409,Nouadhibou,MR,20.93,-17.03,69.8,19.46,88,75,1537671600
410,Gloversville,US,43.05,-74.34,51.98,4.7,74,90,1537674780
411,Hobart,AU,-42.88,147.33,51.8,23.04,60,20,1537673400
412,Jamestown,AU,-33.21,138.6,69.47,6.2,34,36,1537675421
413,Ust-Barguzin,RU,53.41,109.03,50.48,3.06,79,0,1537675471
414,Sao Joao da Barra,BR,-21.64,-41.05,72.35,5.86,100,0,1537675432
415,Ribeira Grande,PT,38.52,-28.7,75.36,15.37,95,76,1537675406
416,Juan Lacaze,UY,-34.43,-57.44,65.19,2.95,100,64,1537675472
417,Lebu,ET,8.96,38.73,53.6,4.7,76,20,1537671600
418,Seminole,US,32.72,-102.64,62.24,7.31,71,1,1537674900
419,Chara,GR,39.42,22.43,62.6,4.7,63,0,1537672800
420,Xining,CN,36.62,101.77,49.22,1.5,78,44,1537675240
421,Saint-Philippe,CA,45.36,-73.48,50.0,5.82,81,1,1537672500
422,Rikitea,PF,-23.12,-134.97,71.09,7.09,100,92,1537675404
423,Albany,US,42.65,-73.75,51.98,4.7,74,90,1537674660
424,Challapata,BO,-18.9,-66.78,28.29,3.4,76,0,1537675473
425,San Luis,AR,-33.3,-66.34,63.57,9.44,20,0,1537675474
426,Ushuaia,AR,-54.81,-68.31,32.0,10.29,100,75,1537671600
427,Palampur,IN,32.11,76.54,37.29,0.16,96,92,1537675474
428,Albany,US,42.65,-73.75,51.98,4.7,74,90,1537674660
429,Ulaanbaatar,MN,47.92,106.92,44.6,2.24,56,0,1537673400
430,Cape Town,ZA,-33.93,18.42,55.4,12.75,71,0,1537671600
431,Maracacume,BR,-2.04,-45.96,77.03,8.99,83,8,1537675283
432,Bluff,AU,-23.58,149.07,82.47,11.23,29,0,1537675407
433,Khatanga,RU,71.98,102.47,46.07,3.51,95,92,1537675446
434,Arraial do Cabo,BR,-22.97,-42.02,67.04,2.95,100,20,1537675400
435,Chokurdakh,RU,70.62,147.9,35.72,5.75,97,92,1537675398
436,Leningradskiy,RU,69.38,178.42,41.03,1.83,100,92,1537675329
437,Prince George,CA,53.92,-122.75,41.0,4.7,66,20,1537671600
438,Jiwani,PK,25.05,61.74,73.4,5.82,100,90,1537669800
439,Cidreira,BR,-30.17,-50.22,69.92,10.67,84,24,1537675436
440,Corralillo,CU,22.98,-80.59,79.19,7.76,93,20,1537675477
441,Saint-Pierre,FR,48.95,4.24,66.2,18.34,93,90,1537673400
442,Barrow,AR,-38.31,-60.23,55.88,9.66,40,0,1537675415
443,Jadu,LY,31.95,12.03,65.24,5.64,67,0,1537675478
444,Payakumbuh,ID,-0.23,100.63,82.61,3.29,73,0,1537675478
445,Fukuchiyama,JP,35.32,135.12,80.6,1.12,78,75,1537671600
446,Chuy,UY,-33.69,-53.46,65.96,8.77,97,92,1537675292
447,Victoria,BN,5.28,115.24,87.8,4.7,79,75,1537673400
448,Albany,US,42.65,-73.75,51.98,4.7,74,90,1537674660
449,San Patricio,PY,-26.98,-56.83,76.4,4.74,76,8,1537675479
450,Vila Velha,BR,-3.71,-38.6,78.8,9.17,83,40,1537675200
451,Albany,US,42.65,-73.75,51.98,4.7,74,90,1537674660
452,Hithadhoo,MV,-0.6,73.08,83.82,5.53,100,56,1537675406
453,Provideniya,RU,64.42,-173.23,46.56,15.59,92,0,1537675450
454,Saint-Pierre,FR,48.95,4.24,66.2,18.34,93,90,1537673400
455,Nikolskoye,RU,59.7,30.79,48.2,6.71,87,0,1537671600
456,Khromtau,KZ,50.26,58.44,46.74,5.86,70,0,1537675480
457,Ushuaia,AR,-54.81,-68.31,32.0,10.29,100,75,1537671600
458,Barrow,AR,-38.31,-60.23,55.88,9.66,40,0,1537675415
459,Nome,US,30.04,-94.42,76.46,4.74,91,1,1537672500
460,Calabozo,VE,8.92,-67.43,72.26,2.95,98,76,1537675481
461,Okha,RU,53.59,142.95,57.41,2.95,72,0,1537675481
462,Codrington,AU,-28.95,153.24,74.64,3.18,61,0,1537675445
463,Bandarbeyla,SO,9.49,50.81,77.12,13.47,99,20,1537675481
464,Salalah,OM,17.01,54.1,77.0,1.12,73,0,1537674600
465,Yellowknife,CA,62.45,-114.38,41.0,10.29,74,20,1537671600
466,Bulanash,RU,57.28,62.0,41.66,4.52,83,8,1537675482
467,Busselton,AU,-33.64,115.35,62.67,4.97,97,44,1537675407
468,Punta Arenas,CL,-53.16,-70.91,28.4,6.93,79,40,1537671600
469,Nagato,JP,34.35,131.14,78.8,5.82,73,75,1537671600
470,Jamestown,AU,-33.21,138.6,69.47,6.2,34,36,1537675421
471,Hobart,AU,-42.88,147.33,51.8,23.04,60,20,1537673400
472,Nanortalik,GL,60.14,-45.24,38.82,28.12,98,92,1537675483
473,Morant Bay,JM,17.88,-76.41,82.4,5.82,78,20,1537671600
474,Man,CI,7.41,-7.55,68.93,4.41,99,92,1537675483
475,Hilo,US,19.71,-155.08,82.04,6.93,62,40,1537671780
476,Rikitea,PF,-23.12,-134.97,71.09,7.09,100,92,1537675404
477,Kapaa,US,22.08,-159.32,84.02,10.29,81,40,1537671360
478,Punta Arenas,CL,-53.16,-70.91,28.4,6.93,79,40,1537671600
479,Dikson,RU,73.51,80.55,41.61,12.24,90,92,1537675391
480,Provideniya,RU,64.42,-173.23,46.56,15.59,92,0,1537675450
481,Dikson,RU,73.51,80.55,41.61,12.24,90,92,1537675391
482,Kahului,US,20.89,-156.47,84.92,13.87,65,40,1537674300
483,Bluff,AU,-23.58,149.07,82.47,11.23,29,0,1537675407
484,Shitanjing,CN,39.23,106.34,59.34,3.18,18,0,1537675485
485,Barrow,AR,-38.31,-60.23,55.88,9.66,40,0,1537675415
486,Birjand,IR,32.86,59.22,55.4,6.93,28,0,1537671600
487,Rikitea,PF,-23.12,-134.97,71.09,7.09,100,92,1537675404
488,Ushuaia,AR,-54.81,-68.31,32.0,10.29,100,75,1537671600
489,Santiago del Estero,AR,-27.8,-64.26,83.82,8.88,53,0,1537675486
490,Ballina,IE,54.11,-9.15,44.22,5.64,92,88,1537675486
491,Tongliao,CN,43.61,122.27,52.1,8.88,82,92,1537675405
492,Rome,IT,41.89,12.48,66.2,4.7,77,0,1537672800
493,Dubrovnik,HR,42.65,18.09,64.4,6.93,88,0,1537673400
494,Dharchula,IN,29.85,80.53,49.85,1.5,100,92,1537675473
495,Port Hardy,CA,50.7,-127.42,44.6,4.7,87,20,1537671600
496,Ushuaia,AR,-54.81,-68.31,32.0,10.29,100,75,1537671600
497,Punta Arenas,CL,-53.16,-70.91,28.4,6.93,79,40,1537671600
498,East London,ZA,-33.02,27.91,57.2,4.7,82,0,1537671600
499,Hithadhoo,MV,-0.6,73.08,83.82,5.53,100,56,1537675406
500,Atuona,PF,-9.8,-139.03,79.82,8.32,100,0,1537675431
501,Yatou,CM,3.63,9.81,79.32,10.45,100,68,1537675487
502,Busselton,AU,-33.64,115.35,62.67,4.97,97,44,1537675407
503,Ucluelet,CA,48.94,-125.55,52.1,1.72,100,88,1537675488
504,Hobart,AU,-42.88,147.33,51.8,23.04,60,20,1537673400
505,Winslow,GB,51.94,-0.88,51.8,6.93,93,90,1537672800
506,Jacareacanga,BR,-6.22,-57.76,77.21,1.95,90,24,1537675488
507,Asosa,ET,10.07,34.53,61.64,2.51,89,36,1537675489
508,Cape Town,ZA,-33.93,18.42,55.4,12.75,71,0,1537671600
509,Kapaa,US,22.08,-159.32,84.02,10.29,81,40,1537671360
510,Albany,US,42.65,-73.75,51.98,4.7,74,90,1537674660
511,Poum,MK,41.28,20.71,51.8,4.7,87,20,1537673400
512,Rikitea,PF,-23.12,-134.97,71.09,7.09,100,92,1537675404
513,Mizan Teferi,ET,6.99,35.58,59.57,3.06,95,44,1537675490
514,Smithers,CA,54.78,-127.17,42.8,2.24,75,75,1537671600
515,Ponta do Sol,BR,-20.63,-46.0,62.54,7.54,83,0,1537675437
516,Hobart,AU,-42.88,147.33,51.8,23.04,60,20,1537673400
517,Bredasdorp,ZA,-34.53,20.04,42.8,3.36,87,0,1537671600
518,Saint-Philippe,CA,45.36,-73.48,50.0,5.82,81,1,1537672500
519,Mataura,NZ,-46.19,168.86,45.71,14.7,95,92,1537675399
520,Ribeira Grande,PT,38.52,-28.7,75.36,15.37,95,76,1537675406
521,Solnechnyy,RU,50.72,136.64,55.56,3.62,60,68,1537675491
522,Cherskiy,RU,68.75,161.3,36.08,2.39,90,92,1537675419
523,Ushuaia,AR,-54.81,-68.31,32.0,10.29,100,75,1537671600
524,Chara,GR,39.42,22.43,62.6,4.7,63,0,1537672800
525,Atuona,PF,-9.8,-139.03,79.82,8.32,100,0,1537675431
526,Hobart,AU,-42.88,147.33,51.8,23.04,60,20,1537673400
527,Hithadhoo,MV,-0.6,73.08,83.82,5.53,100,56,1537675406
528,Portland,US,45.52,-122.67,62.06,4.7,66,20,1537674780
529,Poya,NC,-21.35,165.16,70.64,19.73,97,56,1537675492
530,Siaya,KE,0.06,34.29,65.82,4.63,99,44,1537675493
531,Port Shepstone,ZA,-30.74,30.45,64.88,14.25,92,88,1537675493
532,Airai,TL,-8.93,125.41,86.66,2.62,34,0,1537675493
533,Butaritari,KI,3.07,172.79,85.17,6.64,100,8,1537675418
534,Jamestown,AU,-33.21,138.6,69.47,6.2,34,36,1537675421
535,Cabo San Lucas,MX,22.89,-109.91,80.6,11.79,78,20,1537670460
536,Arraial do Cabo,BR,-22.97,-42.02,67.04,2.95,100,20,1537675400
537,Tuktoyaktuk,CA,69.44,-133.03,26.6,12.75,92,90,1537671600
538,Albany,US,42.65,-73.75,51.98,4.7,74,90,1537674660
539,Punta Arenas,CL,-53.16,-70.91,28.4,6.93,79,40,1537671600
540,Valparaiso,US,41.47,-87.06,59.0,4.7,84,1,1537673700
541,Pierre,US,44.37,-100.35,57.02,4.7,83,1,1537674780
542,Vaini,IN,15.34,74.49,71.9,2.73,92,48,1537675401
543,Arraial do Cabo,BR,-22.97,-42.02,67.04,2.95,100,20,1537675400
544,Gimli,CA,50.63,-96.99,40.26,11.12,97,88,1537675495
545,Fukumitsu,JP,36.55,136.87,77.0,8.05,61,75,1537671600
546,Orshanka,RU,56.92,47.89,53.63,9.33,93,0,1537675495
547,Punta Arenas,CL,-53.16,-70.91,28.4,6.93,79,40,1537671600
548,Santa Marta,CO,11.24,-74.21,84.2,23.76,79,75,1537671600
549,Vaini,IN,15.34,74.49,71.9,2.73,92,48,1537675401
550,Isangel,VU,-19.55,169.27,71.49,17.72,100,44,1537675463
551,Cabo San Lucas,MX,22.89,-109.91,80.6,11.79,78,20,1537670460
552,Tilichiki,RU,60.47,166.1,50.57,4.97,89,44,1537675441
553,Lompoc,US,34.64,-120.46,60.98,4.7,77,1,1537673940
554,Leshukonskoye,RU,64.9,45.76,60.24,9.22,82,0,1537675497
555,Evensk,RU,61.92,159.24,48.41,4.74,99,20,1537675497
556,Serenje,ZM,-13.23,30.22,60.47,9.22,40,0,1537675497
557,Ixtapa,MX,20.71,-105.21,78.8,1.83,100,75,1537670520
558,Yar-Sale,RU,66.83,70.83,46.97,15.03,100,88,1537675427
559,Ushuaia,AR,-54.81,-68.31,32.0,10.29,100,75,1537671600
560,Comodoro Rivadavia,AR,-45.87,-67.48,44.6,9.1,100,40,1537671600
561,Butaritari,KI,3.07,172.79,85.17,6.64,100,8,1537675418
562,Kariba,ZW,-16.53,28.78,70.73,9.22,52,0,1537675499
563,Baykit,RU,61.68,96.39,45.8,3.85,74,0,1537675499
564,Dzhebariki-Khaya,RU,62.22,135.8,42.29,4.85,97,92,1537675499
565,Albany,US,42.65,-73.75,51.98,4.7,74,90,1537674660
566,Victoria,BN,5.28,115.24,87.8,4.7,79,75,1537673400
567,Lavrentiya,RU,65.58,-170.99,46.79,20.07,87,0,1537675470
568,Kavieng,PG,-2.57,150.8,86.66,5.19,99,8,1537675499
569,Vaini,IN,15.34,74.49,71.9,2.73,92,48,1537675401
570,Walvis Bay,NA,-22.95,14.51,51.8,14.99,87,64,1537671600
571,Severo-Kurilsk,RU,50.68,156.12,51.11,5.08,94,44,1537675462
572,Cherskiy,RU,68.75,161.3,36.08,2.39,90,92,1537675419
573,Vaini,IN,15.34,74.49,71.9,2.73,92,48,1537675401
574,Cape Town,ZA,-33.93,18.42,55.4,12.75,71,0,1537671600
575,Busselton,AU,-33.64,115.35,62.67,4.97,97,44,1537675407
576,Busselton,AU,-33.64,115.35,62.67,4.97,97,44,1537675407
577,Hobart,AU,-42.88,147.33,51.8,23.04,60,20,1537673400
578,Faya,SA,18.39,42.45,64.4,6.2,27,0,1537671600
579,Chiriqui Grande,PA,8.95,-82.12,74.37,2.17,98,80,1537675501
580,Vilyuysk,RU,63.75,121.63,50.16,3.74,77,8,1537675501
581,Bredasdorp,ZA,-34.53,20.04,42.8,3.36,87,0,1537671600
582,Ponta do Sol,BR,-20.63,-46.0,62.54,7.54,83,0,1537675437
583,San Francisco,US,37.78,-122.42,73.04,3.4,93,90,1537673700
584,Albany,US,42.65,-73.75,51.98,4.7,74,90,1537674660
585,Cabo San Lucas,MX,22.89,-109.91,80.6,11.79,78,20,1537670460
586,Kruisfontein,ZA,-34.0,24.73,51.92,5.41,100,0,1537675502
587,Mimongo,GA,-1.62,11.6,70.59,2.73,99,92,1537675502
588,Salalah,OM,17.01,54.1,77.0,1.12,73,0,1537674600
589,Vaini,IN,15.34,74.49,71.9,2.73,92,48,1537675401
590,Hobart,AU,-42.88,147.33,51.8,23.04,60,20,1537673400
591,Yokadouma,CM,3.52,15.05,67.89,1.5,99,92,1537675503
592,Airai,TL,-8.93,125.41,86.66,2.62,34,0,1537675493
593,Avarua,CK,-21.21,-159.78,73.4,11.41,83,75,1537671600
594,Gwadar,PK,25.12,62.33,73.4,5.82,100,90,1537669800
595,Jamestown,AU,-33.21,138.6,69.47,6.2,34,36,1537675421
596,Vaini,IN,15.34,74.49,71.9,2.73,92,48,1537675401
597,Lebu,ET,8.96,38.73,53.6,4.7,76,20,1537671600
598,Kapaa,US,22.08,-159.32,84.02,10.29,81,40,1537671360
599,Port Hedland,AU,-20.31,118.58,95.0,11.41,17,0,1537673400
600,Portland,US,45.52,-122.67,62.06,4.7,66,20,1537674780
601,Okakarara,NA,-20.59,17.46,53.9,2.39,58,8,1537675505
602,Sitka,US,37.17,-99.65,57.68,6.64,64,0,1537675427
603,Faanui,PF,-16.48,-151.75,74.6,19.95,100,92,1537675436
604,Kununurra,AU,-15.77,128.74,96.8,12.75,6,40,1537673400
605,Bredasdorp,ZA,-34.53,20.04,42.8,3.36,87,0,1537671600
606,Busselton,AU,-33.64,115.35,62.67,4.97,97,44,1537675407
607,Hasaki,JP,35.73,140.83,80.6,9.17,57,75,1537671600
608,Kulmbach,DE,50.1,11.45,49.64,5.86,86,90,1537671360
609,Port Hardy,CA,50.7,-127.42,44.6,4.7,87,20,1537671600
610,Katsuura,JP,33.93,134.5,73.4,5.82,83,75,1537671600
611,Antsohihy,MG,-14.88,47.99,70.19,9.1,71,0,1537675506
612,Lishu,CN,43.31,124.32,59.61,7.09,51,76,1537675507
613,Souillac,FR,45.6,-0.6,68.0,5.82,88,90,1537673400
614,Rapid Valley,US,44.06,-103.15,60.8,5.82,73,1,1537674900
615,Makkaveyevo,RU,51.75,113.95,51.8,4.47,58,0,1537671600
616,Bumba,CD,2.18,22.47,73.16,2.51,97,0,1537675508
617,Hilo,US,19.71,-155.08,82.04,6.93,62,40,1537671780
618,Atuona,PF,-9.8,-139.03,79.82,8.32,100,0,1537675431
619,Havoysund,NO,71.0,24.66,48.2,26.4,76,8,1537672800
620,Bluff,AU,-23.58,149.07,82.47,11.23,29,0,1537675407
621,Kibala,TD,9.11,18.35,74.96,1.95,84,20,1537675508
622,Mapiripan,CO,2.89,-72.13,73.34,2.73,97,32,1537675509
623,Dikson,RU,73.51,80.55,41.61,12.24,90,92,1537675391
624,Leningradskiy,RU,69.38,178.42,41.03,1.83,100,92,1537675329
625,Yen Bai,VN,21.7,104.87,81.26,3.74,86,32,1537675509
626,Castro,CL,-42.48,-73.76,45.57,7.2,100,88,1537675391
627,Rikitea,PF,-23.12,-134.97,71.09,7.09,100,92,1537675404
628,Narsaq,GL,60.91,-46.05,50.0,25.28,25,92,1537674600
629,Airai,TL,-8.93,125.41,86.66,2.62,34,0,1537675493
630,Ushuaia,AR,-54.81,-68.31,32.0,10.29,100,75,1537671600
631,Punta Arenas,CL,-53.16,-70.91,28.4,6.93,79,40,1537671600
632,Langfang,CN,39.51,116.7,73.4,20.13,29,0,1537673400
633,Port Alfred,ZA,-33.59,26.89,60.47,7.2,100,24,1537675398
634,French Harbor,HN,16.35,-86.43,82.4,18.34,83,40,1537675200
635,Raudeberg,NO,61.99,5.14,46.4,11.41,81,92,1537672800
636,San Patricio,PY,-26.98,-56.83,76.4,4.74,76,8,1537675479
637,Albany,US,42.65,-73.75,51.98,4.7,74,90,1537674660
638,Severo-Kurilsk,RU,50.68,156.12,51.11,5.08,94,44,1537675462
639,Yatou,CM,3.63,9.81,79.32,10.45,100,68,1537675487
640,Tarakan,ID,3.3,117.63,85.49,3.06,85,12,1537675511
641,Vaini,IN,15.34,74.49,71.9,2.73,92,48,1537675401
642,Ushuaia,AR,-54.81,-68.31,32.0,10.29,100,75,1537671600
643,Port Lincoln,AU,-34.72,135.86,59.66,14.25,90,24,1537675512
644,Ushuaia,AR,-54.81,-68.31,32.0,10.29,100,75,1537671600
645,Ushuaia,AR,-54.81,-68.31,32.0,10.29,100,75,1537671600
646,Prado,BR,-17.34,-39.22,77.52,10.67,96,36,1537675512
647,Nishihara,JP,35.74,139.53,82.4,5.82,58,75,1537671600
648,Norman Wells,CA,65.28,-126.83,48.2,5.82,34,75,1537671600
649,Kishni,IN,27.02,79.26,77.48,16.26,95,88,1537675513
650,Cabedelo,BR,-6.97,-34.84,69.8,3.36,94,0,1537671600
651,Yaan,NG,7.38,8.57,72.12,5.86,98,92,1537675513
652,Rikitea,PF,-23.12,-134.97,71.09,7.09,100,92,1537675404
653,Mogadishu,SO,2.04,45.34,77.52,13.8,100,20,1537675255
654,Kasongo,CD,-4.43,26.67,80.0,2.39,57,92,1537675514
655,Avarua,CK,-21.21,-159.78,73.4,11.41,83,75,1537671600
656,Ucluelet,CA,48.94,-125.55,52.1,1.72,100,88,1537675488
657,Mount Darwin,ZW,-16.77,31.58,60.11,5.97,80,0,1537675514
658,Port Lincoln,AU,-34.72,135.86,59.66,14.25,90,24,1537675512
659,Porto Torres,IT,40.84,8.4,66.2,1.12,88,20,1537672800
660,Puerto Ayora,EC,-0.74,-90.35,69.56,11.01,100,0,1537675455
661,Geraldton,CA,49.72,-86.95,35.6,3.36,93,90,1537671600
662,Meulaboh,ID,4.14,96.13,81.17,7.65,100,0,1537675413
663,Qaanaaq,GL,77.48,-69.36,16.14,10.22,100,0,1537675453
664,Guerrero Negro,MX,27.97,-114.04,71.0,9.66,87,20,1537675464
665,Namibe,AO,-15.19,12.15,65.42,3.74,100,0,1537675266
666,Mataura,NZ,-46.19,168.86,45.71,14.7,95,92,1537675399
667,Puerto Leguizamo,CO,-0.19,-74.78,74.42,1.95,95,8,1537675515
668,Longyearbyen,NO,78.22,15.63,35.6,26.4,64,75,1537671000
669,Mataura,NZ,-46.19,168.86,45.71,14.7,95,92,1537675399
670,Georgetown,GY,6.8,-58.16,77.0,4.7,94,0,1537671600
671,Saint-Philippe,CA,45.36,-73.48,50.0,5.82,81,1,1537672500
672,Narsaq,GL,60.91,-46.05,50.0,25.28,25,92,1537674600
673,Puerto Ayora,EC,-0.74,-90.35,69.56,11.01,100,0,1537675455
674,Carnarvon,ZA,-30.97,22.13,37.43,6.2,63,12,1537675413
675,Hermanus,ZA,-34.42,19.24,33.29,2.73,96,0,1537675409
676,Khatanga,RU,71.98,102.47,46.07,3.51,95,92,1537675446
677,Punta Arenas,CL,-53.16,-70.91,28.4,6.93,79,40,1537671600
678,Mataura,NZ,-46.19,168.86,45.71,14.7,95,92,1537675399
679,Yellowknife,CA,62.45,-114.38,41.0,10.29,74,20,1537671600
680,Fairbanks,US,64.84,-147.72,48.2,4.7,96,90,1537672980
681,Punta Arenas,CL,-53.16,-70.91,28.4,6.93,79,40,1537671600
682,Kununurra,AU,-15.77,128.74,96.8,12.75,6,40,1537673400
683,Chuy,UY,-33.69,-53.46,65.96,8.77,97,92,1537675292
684,Bambous Virieux,MU,-20.34,57.76,77.0,16.11,65,40,1537675200
685,Saldanha,PT,41.42,-6.55,51.56,1.95,79,8,1537675118
686,Stephenville,US,32.22,-98.2,67.82,11.68,93,90,1537672500
687,Carroll,AU,-30.99,150.44,77.0,8.05,12,0,1537673400
688,Ushuaia,AR,-54.81,-68.31,32.0,10.29,100,75,1537671600
689,Bredasdorp,ZA,-34.53,20.04,42.8,3.36,87,0,1537671600
690,Jamestown,AU,-33.21,138.6,69.47,6.2,34,36,1537675421
691,Tiksi,RU,71.64,128.87,34.82,12.46,100,64,1537675446
692,Merauke,ID,-8.49,140.4,85.4,16.04,68,76,1537675519
693,Yingcheng,CN,30.93,113.57,80.6,4.47,57,64,1537671600
694,Airai,TL,-8.93,125.41,86.66,2.62,34,0,1537675493
695,Kapaa,US,22.08,-159.32,84.02,10.29,81,40,1537671360
696,Punta Arenas,CL,-53.16,-70.91,28.4,6.93,79,40,1537671600
697,Bambous Virieux,MU,-20.34,57.76,77.0,16.11,65,40,1537675200
698,Rikitea,PF,-23.12,-134.97,71.09,7.09,100,92,1537675404
699,Vaini,IN,15.34,74.49,71.9,2.73,92,48,1537675401
700,Kodiak,US,39.95,-94.76,51.98,5.19,96,1,1537674780
701,Arraial do Cabo,BR,-22.97,-42.02,67.04,2.95,100,20,1537675400
702,Tiksi,RU,71.64,128.87,34.82,12.46,100,64,1537675446
703,Cape Town,ZA,-33.93,18.42,55.4,12.75,71,0,1537671600
704,Port Blair,IN,11.67,92.75,82.61,8.99,100,8,1537675411
705,Hermanus,ZA,-34.42,19.24,33.29,2.73,96,0,1537675409
706,Tasiilaq,GL,65.61,-37.64,32.0,4.7,100,0,1537674600
707,Iquitos,PE,-3.75,-73.25,77.0,3.36,94,40,1537671600
708,Ribeira Grande,PT,38.52,-28.7,75.36,15.37,95,76,1537675406
709,Klaksvik,FO,62.23,-6.59,41.0,11.41,80,56,1537672800
710,Salcininkai,LT,54.3,25.38,44.6,13.87,93,75,1537672800
711,Leningradskiy,RU,69.38,178.42,41.03,1.83,100,92,1537675329
712,Airai,TL,-8.93,125.41,86.66,2.62,34,0,1537675493
713,Puerto Ayora,EC,-0.74,-90.35,69.56,11.01,100,0,1537675455
714,Schonebeck,DE,51.98,7.5,50.0,2.24,93,75,1537674600
715,Nipawin,CA,53.36,-104.02,30.2,8.05,68,75,1537671600
716,Yellowknife,CA,62.45,-114.38,41.0,10.29,74,20,1537671600
717,Busselton,AU,-33.64,115.35,62.67,4.97,97,44,1537675407
718,Husavik,CA,50.56,-96.99,40.26,11.12,97,88,1537675523
719,Hithadhoo,MV,-0.6,73.08,83.82,5.53,100,56,1537675406
720,Punta Arenas,CL,-53.16,-70.91,28.4,6.93,79,40,1537671600
721,Hobart,AU,-42.88,147.33,51.8,23.04,60,20,1537673400
722,Port Alfred,ZA,-33.59,26.89,60.47,7.2,100,24,1537675398
723,Butaritari,KI,3.07,172.79,85.17,6.64,100,8,1537675418
724,San Patricio,PY,-26.98,-56.83,76.4,4.74,76,8,1537675479
725,Constitucion,MX,23.99,-104.67,62.6,3.36,88,90,1537670700
726,Kapaa,US,22.08,-159.32,84.02,10.29,81,40,1537671360
727,Albany,US,42.65,-73.75,51.98,4.7,74,90,1537674660
728,Muros,ES,42.77,-9.06,59.0,2.24,100,90,1537673400
729,Okhotsk,RU,59.36,143.24,50.93,6.08,80,32,1537675525
730,Rikitea,PF,-23.12,-134.97,71.09,7.09,100,92,1537675404
731,Itagi,BR,-14.16,-40.01,66.14,3.29,96,48,1537675339
732,Totness,US,33.74,-80.8,75.2,8.66,90,1,1537674960
733,Pavlodar,KZ,52.28,76.96,53.6,11.18,93,90,1537673400
734,Coquimbo,CL,-29.95,-71.34,54.17,6.87,100,0,1537675393
735,Tuktoyaktuk,CA,69.44,-133.03,26.6,12.75,92,90,1537671600
736,Atuona,PF,-9.8,-139.03,79.82,8.32,100,0,1537675431
737,Emerald,AU,-23.53,148.16,81.71,9.44,34,0,1537675526
738,Uvat,RU,59.14,68.9,49.04,7.99,93,68,1537675527
739,Busselton,AU,-33.64,115.35,62.67,4.97,97,44,1537675407
740,Victoria,BN,5.28,115.24,87.8,4.7,79,75,1537673400
741,Nouadhibou,MR,20.93,-17.03,69.8,19.46,88,75,1537671600
742,Narsaq,GL,60.91,-46.05,50.0,25.28,25,92,1537674600
743,Lomovka,RU,53.92,58.37,55.4,4.47,82,75,1537671600
744,Praia,BR,-20.25,-43.81,56.15,2.95,92,0,1537675528
745,Kapaa,US,22.08,-159.32,84.02,10.29,81,40,1537671360
746,Penzance,GB,50.12,-5.53,53.6,10.29,100,92,1537671000
747,Adrar,DZ,27.87,-0.29,84.2,13.87,32,40,1537671600
748,Ushuaia,AR,-54.81,-68.31,32.0,10.29,100,75,1537671600
749,Rikitea,PF,-23.12,-134.97,71.09,7.09,100,92,1537675404
750,Chokurdakh,RU,70.62,147.9,35.72,5.75,97,92,1537675398
751,Airai,TL,-8.93,125.41,86.66,2.62,34,0,1537675493
752,New Norfolk,AU,-42.78,147.06,51.8,23.04,64,20,1537673400
753,Chokurdakh,RU,70.62,147.9,35.72,5.75,97,92,1537675398
754,Lahij,YE,13.06,44.88,63.53,2.62,84,0,1537675529
755,Saint George,GR,39.45,22.34,62.6,4.7,63,0,1537672800
756,Chilca,PE,-13.22,-72.34,50.0,3.36,46,40,1537671600
757,Ushuaia,AR,-54.81,-68.31,32.0,10.29,100,75,1537671600
758,East London,ZA,-33.02,27.91,57.2,4.7,82,0,1537671600
759,Luderitz,NA,-26.65,15.16,52.64,17.05,86,0,1537675458
760,Mataura,NZ,-46.19,168.86,45.71,14.7,95,92,1537675399
761,Coxim,BR,-18.5,-54.75,73.34,2.73,83,0,1537675530
762,Vila,IT,45.18,8.4,66.2,4.7,93,0,1537672800
763,Mahebourg,MU,-20.41,57.7,77.0,16.11,65,40,1537675200
764,Provost,CA,52.35,-110.26,31.94,11.9,92,92,1537675531
765,Saldanha,PT,41.42,-6.55,51.56,1.95,79,8,1537675118
766,Mar del Plata,AR,-46.43,-67.52,41.52,7.54,100,88,1537675398
767,Iqaluit,CA,63.75,-68.52,33.8,10.29,69,75,1537671600
768,Saint-Philippe,CA,45.36,-73.48,50.0,5.82,81,1,1537672500
769,Cherskiy,RU,68.75,161.3,36.08,2.39,90,92,1537675419
770,Chuy,UY,-33.69,-53.46,65.96,8.77,97,92,1537675292
771,Cape Town,ZA,-33.93,18.42,55.4,12.75,71,0,1537671600
772,Victoria,BN,5.28,115.24,87.8,4.7,79,75,1537673400
773,Saskylakh,RU,71.97,114.09,37.25,5.53,95,68,1537675426
774,Hithadhoo,MV,-0.6,73.08,83.82,5.53,100,56,1537675406
775,Barrow,AR,-38.31,-60.23,55.88,9.66,40,0,1537675415
776,Busselton,AU,-33.64,115.35,62.67,4.97,97,44,1537675407
777,Port-Gentil,GA,-0.72,8.78,77.16,9.66,99,92,1537675533
778,Avarua,CK,-21.21,-159.78,73.4,11.41,83,75,1537671600
779,Hithadhoo,MV,-0.6,73.08,83.82,5.53,100,56,1537675406
780,Bonthe,SL,7.53,-12.5,75.68,3.4,99,92,1537675533
781,Cartagena del Chaira,CO,1.33,-74.84,76.49,1.61,85,8,1537675534
782,Torbay,CA,47.66,-52.73,46.4,9.17,81,40,1537671600
783,Hasaki,JP,35.73,140.83,80.6,9.17,57,75,1537671600
784,Jamestown,AU,-33.21,138.6,69.47,6.2,34,36,1537675421
785,Hilo,US,19.71,-155.08,82.04,6.93,62,40,1537671780
786,Vaini,IN,15.34,74.49,71.9,2.73,92,48,1537675401
787,Sorland,NO,67.67,12.69,48.95,39.64,100,92,1537675534
788,Jamestown,AU,-33.21,138.6,69.47,6.2,34,36,1537675421
789,Leh,IN,34.16,77.58,28.11,1.39,92,92,1537675535
790,Tabou,CI,4.42,-7.36,78.24,11.68,100,92,1537675535
791,Chuy,UY,-33.69,-53.46,65.96,8.77,97,92,1537675292
792,Hamilton,CA,43.26,-79.87,59.0,2.24,87,20,1537671600
793,Barrow,AR,-38.31,-60.23,55.88,9.66,40,0,1537675415
794,Castro,CL,-42.48,-73.76,45.57,7.2,100,88,1537675391
795,Denizli,TR,37.77,29.09,55.4,1.95,66,0,1537671000
796,Arlit,NE,18.74,7.39,83.46,1.95,26,80,1537675536
797,Cape Town,ZA,-33.93,18.42,55.4,12.75,71,0,1537671600
798,Avarua,CK,-21.21,-159.78,73.4,11.41,83,75,1537671600
799,Mar del Plata,AR,-46.43,-67.52,41.52,7.54,100,88,1537675398
800,Isakly,RU,54.13,51.53,49.13,2.73,83,12,1537675537
801,Ushuaia,AR,-54.81,-68.31,32.0,10.29,100,75,1537671600
802,Chuy,UY,-33.69,-53.46,65.96,8.77,97,92,1537675292
803,Bluff,AU,-23.58,149.07,82.47,11.23,29,0,1537675407
804,Codrington,AU,-28.95,153.24,74.64,3.18,61,0,1537675445
805,Qaanaaq,GL,77.48,-69.36,16.14,10.22,100,0,1537675453
806,Teknaf,BD,20.86,92.31,84.5,3.51,87,56,1537675537
807,Severo-Kurilsk,RU,50.68,156.12,51.11,5.08,94,44,1537675462
808,Talcahuano,CL,-36.72,-73.12,53.6,4.7,93,0,1537671600
809,Upernavik,GL,72.79,-56.15,28.52,7.2,100,12,1537675425
810,Lavrentiya,RU,65.58,-170.99,46.79,20.07,87,0,1537675470
811,East London,ZA,-33.02,27.91,57.2,4.7,82,0,1537671600
812,Kodiak,US,39.95,-94.76,51.98,5.19,96,1,1537674780
813,New Norfolk,AU,-42.78,147.06,51.8,23.04,64,20,1537673400
814,Constitucion,MX,23.99,-104.67,62.6,3.36,88,90,1537670700
815,Punta Arenas,CL,-53.16,-70.91,28.4,6.93,79,40,1537671600
816,Pevek,RU,69.7,170.27,44.36,2.17,100,76,1537675424
817,Soyo,AO,-6.13,12.37,72.62,3.74,91,92,1537675266
818,Yellowknife,CA,62.45,-114.38,41.0,10.29,74,20,1537671600
819,Albany,US,42.65,-73.75,51.98,4.7,74,90,1537674660
820,Puerto Ayora,EC,-0.74,-90.35,69.56,11.01,100,0,1537675455
821,Ushuaia,AR,-54.81,-68.31,32.0,10.29,100,75,1537671600
822,Hermanus,ZA,-34.42,19.24,33.29,2.73,96,0,1537675409
823,Lorengau,PG,-2.02,147.27,84.32,5.19,99,48,1537675412
824,Akureyri,IS,65.68,-18.09,32.0,9.17,99,20,1537671600
825,Kruisfontein,ZA,-34.0,24.73,51.92,5.41,100,0,1537675502
826,Nara,JP,34.68,135.8,82.4,1.12,48,40,1537671600
827,Bay-Khaak,RU,51.16,94.47,49.13,2.39,52,24,1537675541
828,Gallup,US,35.53,-108.74,62.96,3.36,40,1,1537674780
829,Usinsk,RU,66.0,57.56,54.84,11.79,96,92,1537675542
830,Narsaq,GL,60.91,-46.05,50.0,25.28,25,92,1537674600
831,Lavrentiya,RU,65.58,-170.99,46.79,20.07,87,0,1537675470
832,San Patricio,PY,-26.98,-56.83,76.4,4.74,76,8,1537675479
833,Ribeira Grande,PT,38.52,-28.7,75.36,15.37,95,76,1537675406
834,Yulara,AU,-25.24,130.99,78.8,12.75,15,0,1537671600
835,Ponta do Sol,BR,-20.63,-46.0,62.54,7.54,83,0,1537675437
836,Kahului,US,20.89,-156.47,84.92,13.87,65,40,1537674300
837,Saint-Philippe,CA,45.36,-73.48,50.0,5.82,81,1,1537672500
838,Vaini,IN,15.34,74.49,71.9,2.73,92,48,1537675401
839,Qaanaaq,GL,77.48,-69.36,16.14,10.22,100,0,1537675453
840,Ushuaia,AR,-54.81,-68.31,32.0,10.29,100,75,1537671600
841,Torbay,CA,47.66,-52.73,46.4,9.17,81,40,1537671600
842,Atuona,PF,-9.8,-139.03,79.82,8.32,100,0,1537675431
843,Castro,CL,-42.48,-73.76,45.57,7.2,100,88,1537675391
844,Namibe,AO,-15.19,12.15,65.42,3.74,100,0,1537675266
845,Ushuaia,AR,-54.81,-68.31,32.0,10.29,100,75,1537671600
846,Saint George,GR,39.45,22.34,62.6,4.7,63,0,1537672800
847,Avera,US,33.19,-82.53,78.98,6.98,86,1,1537673700
848,Ushuaia,AR,-54.81,-68.31,32.0,10.29,100,75,1537671600
849,Rikitea,PF,-23.12,-134.97,71.09,7.09,100,92,1537675404
850,Cape Town,ZA,-33.93,18.42,55.4,12.75,71,0,1537671600
851,Tchollire,CM,8.4,14.17,69.51,2.95,99,64,1537675364
852,Khandyga,RU,62.65,135.58,42.29,4.85,97,92,1537675545
853,Punta Arenas,CL,-53.16,-70.91,28.4,6.93,79,40,1537671600
854,Lorengau,PG,-2.02,147.27,84.32,5.19,99,48,1537675412
855,Marataizes,BR,-21.04,-40.82,70.32,4.41,100,92,1537675546
856,Akwatia,GH,6.04,-0.8,72.17,3.18,99,92,1537675546
857,Norman Wells,CA,65.28,-126.83,48.2,5.82,34,75,1537671600
858,Rikitea,PF,-23.12,-134.97,71.09,7.09,100,92,1537675404
859,Bluff,AU,-23.58,149.07,82.47,11.23,29,0,1537675407
860,Vostok,RU,46.45,135.83,56.64,2.84,82,0,1537675547
861,Nanortalik,GL,60.14,-45.24,38.82,28.12,98,92,1537675483
862,Tasiilaq,GL,65.61,-37.64,32.0,4.7,100,0,1537674600
863,Tripoli,GR,37.51,22.37,62.6,6.93,82,0,1537672800
864,Chuy,UY,-33.69,-53.46,65.96,8.77,97,92,1537675292
865,Ushuaia,AR,-54.81,-68.31,32.0,10.29,100,75,1537671600
866,Volga,US,44.32,-96.93,59.0,13.87,69,1,1537675200
867,Hilo,US,19.71,-155.08,82.04,6.93,62,40,1537671780
868,Ati,TD,13.21,18.34,76.85,4.52,67,20,1537675548
869,Lasa,CY,34.92,32.53,71.6,5.82,82,0,1537673400
870,Sao Filipe,CV,14.9,-24.5,78.83,14.7,94,12,1537675423
871,Kruisfontein,ZA,-34.0,24.73,51.92,5.41,100,0,1537675502
872,Hobart,AU,-42.88,147.33,51.8,23.04,60,20,1537673400
873,Portland,US,45.52,-122.67,62.06,4.7,66,20,1537674780
874,Ruwi,OM,23.6,58.55,84.2,4.7,79,0,1537671000
875,Kieta,PG,-6.22,155.63,79.91,4.41,100,76,1537675463
876,Bredasdorp,ZA,-34.53,20.04,42.8,3.36,87,0,1537671600
877,Ushuaia,AR,-54.81,-68.31,32.0,10.29,100,75,1537671600
878,Vila Franca do Campo,PT,37.72,-25.43,69.8,2.24,88,20,1537673400
879,Ushuaia,AR,-54.81,-68.31,32.0,10.29,100,75,1537671600
880,Ponta do Sol,BR,-20.63,-46.0,62.54,7.54,83,0,1537675437
881,Severo-Kurilsk,RU,50.68,156.12,51.11,5.08,94,44,1537675462
882,Cabo San Lucas,MX,22.89,-109.91,80.6,11.79,78,20,1537670460
883,Ushuaia,AR,-54.81,-68.31,32.0,10.29,100,75,1537671600
884,Jamestown,AU,-33.21,138.6,69.47,6.2,34,36,1537675421
885,Cape Town,ZA,-33.93,18.42,55.4,12.75,71,0,1537671600
886,Punta Arenas,CL,-53.16,-70.91,28.4,6.93,79,40,1537671600
887,Ushuaia,AR,-54.81,-68.31,32.0,10.29,100,75,1537671600
888,Tessalit,ML,20.2,1.01,73.11,3.18,58,12,1537675551
889,Avarua,CK,-21.21,-159.78,73.4,11.41,83,75,1537671600
890,Tiksi,RU,71.64,128.87,34.82,12.46,100,64,1537675446
891,Arlit,NE,18.74,7.39,83.46,1.95,26,80,1537675536
892,Ferry Pass,US,30.51,-87.21,80.96,3.85,95,40,1537673700
893,Pastavy,BY,55.11,26.84,48.77,15.59,93,76,1537675551
894,San Cristobal,EC,-0.39,-78.55,46.4,2.24,87,0,1537671600
895,Ushuaia,AR,-54.81,-68.31,32.0,10.29,100,75,1537671600
896,Paamiut,GL,61.99,-49.67,41.52,42.43,92,92,1537675445
897,Dikson,RU,73.51,80.55,41.61,12.24,90,92,1537675391
898,Toba,JP,34.47,136.83,78.8,3.36,61,40,1537671600
899,Ponta do Sol,BR,-20.63,-46.0,62.54,7.54,83,0,1537675437
900,Labytnangi,RU,66.66,66.39,44.76,12.46,98,88,1537675553
901,Saskylakh,RU,71.97,114.09,37.25,5.53,95,68,1537675426
902,Arraial do Cabo,BR,-22.97,-42.02,67.04,2.95,100,20,1537675400
903,Atambua,ID,-9.11,124.89,87.69,3.62,66,0,1537675416
904,Wajir,KE,1.75,40.07,72.26,8.55,81,48,1537675459
905,Dikson,RU,73.51,80.55,41.61,12.24,90,92,1537675391
906,Bluff,AU,-23.58,149.07,82.47,11.23,29,0,1537675407
907,Atar,MR,20.52,-13.05,71.67,4.18,42,0,1537675450
908,Tarko-Sale,RU,64.92,77.78,44.9,4.52,99,88,1537675554
909,Alekseyevsk,RU,57.84,108.35,50.57,3.4,57,0,1537675555
910,Rio Grande,BR,-32.03,-52.1,70.64,15.93,80,56,1537675509
911,Provideniya,RU,64.42,-173.23,46.56,15.59,92,0,1537675450
912,San Jose,PH,15.79,120.99,83.78,1.95,82,8,1537675112
913,Dikson,RU,73.51,80.55,41.61,12.24,90,92,1537675391
914,Kahului,US,20.89,-156.47,84.92,13.87,65,40,1537674300
915,Saint George,GR,39.45,22.34,62.6,4.7,63,0,1537672800
916,Rikitea,PF,-23.12,-134.97,71.09,7.09,100,92,1537675404
917,San Francisco,US,37.78,-122.42,73.04,3.4,93,90,1537673700
918,Atuona,PF,-9.8,-139.03,79.82,8.32,100,0,1537675431
919,Hithadhoo,MV,-0.6,73.08,83.82,5.53,100,56,1537675406
920,Kribi,CM,2.94,9.91,73.29,2.84,100,80,1537675556
921,Punta Arenas,CL,-53.16,-70.91,28.4,6.93,79,40,1537671600
922,Albany,US,42.65,-73.75,51.98,4.7,74,90,1537674660
923,Coihaique,CL,-45.58,-72.07,42.8,8.05,87,0,1537671600
924,Rikitea,PF,-23.12,-134.97,71.09,7.09,100,92,1537675404
925,Bredasdorp,ZA,-34.53,20.04,42.8,3.36,87,0,1537671600
926,Port Elizabeth,US,39.31,-74.98,64.04,3.36,75,90,1537674900
927,Ancud,CL,-41.87,-73.83,46.02,9.44,96,92,1537675557
928,Tasiilaq,GL,65.61,-37.64,32.0,4.7,100,0,1537674600
929,Beloha,MG,-25.17,45.06,69.56,10.0,94,92,1537675557
930,Acapulco,MX,16.86,-99.88,84.2,3.62,74,75,1537670640
931,Madang,PG,-5.21,145.81,81.89,3.4,87,68,1537675558
932,Bangui,CF,4.39,18.55,70.01,2.28,100,80,1537675558
933,Kirensk,RU,57.78,108.12,49.31,3.29,61,0,1537675559
934,Hithadhoo,MV,-0.6,73.08,83.82,5.53,100,56,1537675406
935,Aswan,EG,24.09,32.9,78.8,8.05,36,0,1537671600
936,Xai-Xai,MZ,-25.04,33.64,70.37,10.0,100,68,1537675559
937,Puerto Ayora,EC,-0.74,-90.35,69.56,11.01,100,0,1537675455
938,Zyryanka,RU,65.73,150.89,38.15,3.4,87,80,1537675560
939,Karpogory,RU,64.0,44.44,60.29,7.99,82,0,1537675560
940,Punta Arenas,CL,-53.16,-70.91,28.4,6.93,79,40,1537671600
941,Jamestown,AU,-33.21,138.6,69.47,6.2,34,36,1537675421
942,New Norfolk,AU,-42.78,147.06,51.8,23.04,64,20,1537673400
943,Kasongo-Lunda,CD,-6.48,16.82,66.99,2.17,97,12,1537675560
944,Kodiak,US,39.95,-94.76,51.98,5.19,96,1,1537674780
945,Longyearbyen,NO,78.22,15.63,35.6,26.4,64,75,1537671000
946,Aleppo,SY,36.2,37.17,63.71,6.76,92,0,1537675561
947,Tuktoyaktuk,CA,69.44,-133.03,26.6,12.75,92,90,1537671600
948,Norman Wells,CA,65.28,-126.83,48.2,5.82,34,75,1537671600
949,Maceio,BR,-9.67,-35.74,69.8,2.24,94,20,1537675200
950,Lagoa,PT,37.14,-8.45,73.4,5.82,46,0,1537673400
951,Punta Arenas,CL,-53.16,-70.91,28.4,6.93,79,40,1537671600
952,Tuktoyaktuk,CA,69.44,-133.03,26.6,12.75,92,90,1537671600
953,Mount Isa,AU,-20.73,139.49,87.8,12.75,19,0,1537673400
954,Saldanha,PT,41.42,-6.55,51.56,1.95,79,8,1537675118
955,Albany,US,42.65,-73.75,51.98,4.7,74,90,1537674660
956,Tiksi,RU,71.64,128.87,34.82,12.46,100,64,1537675446
957,Leningradskiy,RU,69.38,178.42,41.03,1.83,100,92,1537675329
958,Carnarvon,ZA,-30.97,22.13,37.43,6.2,63,12,1537675413
959,Busselton,AU,-33.64,115.35,62.67,4.97,97,44,1537675407
960,Georgetown,GY,6.8,-58.16,77.0,4.7,94,0,1537671600
961,Columbus,US,32.46,-84.99,78.98,3.74,98,1,1537673700
962,Severobaykalsk,RU,55.65,109.32,45.98,2.17,53,0,1537675458
963,Rikitea,PF,-23.12,-134.97,71.09,7.09,100,92,1537675404
964,Kapaa,US,22.08,-159.32,84.02,10.29,81,40,1537671360
965,Vaini,IN,15.34,74.49,71.9,2.73,92,48,1537675401
966,Albany,US,42.65,-73.75,51.98,4.7,74,90,1537674660
967,Marawi,PH,8.0,124.29,75.95,2.73,86,76,1537675403
968,Tura,IN,25.52,90.21,80.9,3.4,90,92,1537675564
969,Ushuaia,AR,-54.81,-68.31,32.0,10.29,100,75,1537671600
970,Atuona,PF,-9.8,-139.03,79.82,8.32,100,0,1537675431
971,Rikitea,PF,-23.12,-134.97,71.09,7.09,100,92,1537675404
972,Saskylakh,RU,71.97,114.09,37.25,5.53,95,68,1537675426
973,Sao Filipe,CV,14.9,-24.5,78.83,14.7,94,12,1537675423
974,Ushuaia,AR,-54.81,-68.31,32.0,10.29,100,75,1537671600
975,Seredka,RU,58.06,38.14,55.52,11.56,100,80,1537675565
976,Ambulu,ID,-8.35,113.61,80.18,6.42,86,64,1537675565
977,Grindavik,IS,63.84,-22.43,33.8,5.82,74,0,1537673400
978,Harnosand,SE,62.63,17.94,46.4,2.24,81,32,1537672800
979,Hermanus,ZA,-34.42,19.24,33.29,2.73,96,0,1537675409
980,Mounana,GA,-1.38,13.16,69.11,2.39,99,92,1537675566
981,Riberalta,BO,-11.0,-66.08,73.25,1.61,96,32,1537675567
982,Hermanus,ZA,-34.42,19.24,33.29,2.73,96,0,1537675409
983,Avarua,CK,-21.21,-159.78,73.4,11.41,83,75,1537671600
984,Severo-Kurilsk,RU,50.68,156.12,51.11,5.08,94,44,1537675462
985,Kaitangata,NZ,-46.28,169.85,46.25,15.7,100,80,1537675567
986,Cap Malheureux,MU,-19.98,57.61,77.0,16.11,65,40,1537675200
987,Leningradskiy,RU,69.38,178.42,41.03,1.83,100,92,1537675329
988,Busselton,AU,-33.64,115.35,62.67,4.97,97,44,1537675407
989,Dingle,PH,11.0,122.67,80.04,0.38,100,68,1537675455
990,Lebu,ET,8.96,38.73,53.6,4.7,76,20,1537671600
991,Yellowknife,CA,62.45,-114.38,41.0,10.29,74,20,1537671600
992,Talnakh,RU,69.49,88.39,45.08,11.01,94,92,1537675568
993,Lebu,ET,8.96,38.73,53.6,4.7,76,20,1537671600
994,Mikuni,JP,36.22,136.15,75.2,10.29,60,75,1537671600
995,Mataura,NZ,-46.19,168.86,45.71,14.7,95,92,1537675399
996,Rikitea,PF,-23.12,-134.97,71.09,7.09,100,92,1537675404
997,Tilichiki,RU,60.47,166.1,50.57,4.97,89,44,1537675441
998,Mindelheim,DE,48.05,10.49,55.4,12.75,87,75,1537674600
999,Saskylakh,RU,71.97,114.09,37.25,5.53,95,68,1537675426
1000,Busselton,AU,-33.64,115.35,62.67,4.97,97,44,1537675407
1001,Rikitea,PF,-23.12,-134.97,71.09,7.09,100,92,1537675404
1002,East London,ZA,-33.02,27.91,57.2,4.7,82,0,1537671600
1003,Rikitea,PF,-23.12,-134.97,71.09,7.09,100,92,1537675404
1004,Rikitea,PF,-23.12,-134.97,71.09,7.09,100,92,1537675404
1005,Malindi,KE,-3.22,40.12,76.4,12.68,86,92,1537675570
1006,Port Alfred,ZA,-33.59,26.89,60.47,7.2,100,24,1537675398
1007,Qaanaaq,GL,77.48,-69.36,16.14,10.22,100,0,1537675453
1008,Punta Arenas,CL,-53.16,-70.91,28.4,6.93,79,40,1537671600
1009,Puerto Ayora,EC,-0.74,-90.35,69.56,11.01,100,0,1537675455
1010,Busselton,AU,-33.64,115.35,62.67,4.97,97,44,1537675407
1011,Dorado,PR,18.46,-66.27,82.04,6.93,79,40,1537671360
1012,Oudtshoorn,ZA,-33.59,22.2,48.2,3.36,87,0,1537673160
1013,Albany,US,42.65,-73.75,51.98,4.7,74,90,1537674660
1014,Sandnessjoen,NO,66.02,12.63,44.6,19.46,75,92,1537672800
1015,Bluff,AU,-23.58,149.07,82.47,11.23,29,0,1537675407
1016,Bluff,AU,-23.58,149.07,82.47,11.23,29,0,1537675407
1017,Baraki Barak,AF,33.97,68.95,68.0,3.36,52,56,1537674600
1018,Bluff,AU,-23.58,149.07,82.47,11.23,29,0,1537675407
1019,Teguise,ES,29.06,-13.56,73.4,20.8,83,0,1537673400
1020,Punta Arenas,CL,-53.16,-70.91,28.4,6.93,79,40,1537671600
1021,Padang,ID,-0.92,100.36,81.71,3.62,100,0,1537675471
1022,Ipu,BR,-4.32,-40.71,68.16,3.74,72,0,1537675307
1023,Talnakh,RU,69.49,88.39,45.08,11.01,94,92,1537675568
1024,New Norfolk,AU,-42.78,147.06,51.8,23.04,64,20,1537673400
1025,Vaini,IN,15.34,74.49,71.9,2.73,92,48,1537675401
1026,Manthani,IN,18.65,79.67,76.44,4.29,100,92,1537675574
1027,Pandamatenga,BW,-18.54,25.64,60.11,5.41,55,0,1537675574
1028,Kaitangata,NZ,-46.28,169.85,46.25,15.7,100,80,1537675567
1029,Esperance,TT,10.24,-61.45,77.0,4.74,94,20,1537671600
1030,New Norfolk,AU,-42.78,147.06,51.8,23.04,64,20,1537673400
1031,Klaksvik,FO,62.23,-6.59,41.0,11.41,80,56,1537672800
1032,Rikitea,PF,-23.12,-134.97,71.09,7.09,100,92,1537675404
1033,Mana,RS,43.52,20.24,50.0,2.24,100,0,1537673400
1034,Vaini,IN,15.34,74.49,71.9,2.73,92,48,1537675401
1035,Bredasdorp,ZA,-34.53,20.04,42.8,3.36,87,0,1537671600
1036,Fortuna,ES,38.18,-1.13,69.8,3.36,88,0,1537673400
1037,Broome,GB,52.47,1.45,51.8,3.36,87,92,1537674600
1038,Namibe,AO,-15.19,12.15,65.42,3.74,100,0,1537675266
1039,Portland,US,45.52,-122.67,62.06,4.7,66,20,1537674780
1040,Butaritari,KI,3.07,172.79,85.17,6.64,100,8,1537675418
1041,Kabompo,ZM,-13.6,24.21,67.22,11.9,39,0,1537675576
1042,Pierre,US,44.37,-100.35,57.02,4.7,83,1,1537674780
1043,Vila Velha,BR,-3.71,-38.6,78.8,9.17,83,40,1537675200
1044,Longyearbyen,NO,78.22,15.63,35.6,26.4,64,75,1537671000
1045,Candido Mendes,BR,-1.45,-45.72,79.91,14.7,99,20,1537675577
1046,Laguna,MX,27.52,-110.01,85.22,3.18,63,0,1537675577
1047,Daru,SL,7.99,-10.85,72.89,8.43,99,92,1537675405
1048,Port Hedland,AU,-20.31,118.58,95.0,11.41,17,0,1537673400
1049,Khatanga,RU,71.98,102.47,46.07,3.51,95,92,1537675446
1050,Punta Arenas,CL,-53.16,-70.91,28.4,6.93,79,40,1537671600
1051,Rensvik,NO,63.1,7.82,46.4,42.5,75,92,1537672800
1052,Tuatapere,NZ,-46.13,167.69,47.33,16.26,100,76,1537675578
1053,Husavik,CA,50.56,-96.99,40.26,11.12,97,88,1537675523
1054,Cape Town,ZA,-33.93,18.42,55.4,12.75,71,0,1537671600
1055,Adre,TD,13.47,22.2,76.31,8.21,55,0,1537675438
1056,Avarua,CK,-21.21,-159.78,73.4,11.41,83,75,1537671600
1057,Khatanga,RU,71.98,102.47,46.07,3.51,95,92,1537675446
1058,Oxelosund,SE,58.67,17.1,50.0,11.41,87,0,1537672800
1059,Vila Velha,BR,-3.71,-38.6,78.8,9.17,83,40,1537675200
1060,Avera,US,33.19,-82.53,78.98,6.98,86,1,1537673700
1061,Aklavik,CA,68.22,-135.01,37.4,6.93,93,75,1537671600
1062,Upernavik,GL,72.79,-56.15,28.52,7.2,100,12,1537675425
1063,Tura,IN,25.52,90.21,80.9,3.4,90,92,1537675564
1064,Buala,SB,-8.15,159.59,85.94,7.2,79,92,1537675580
1065,Tuktoyaktuk,CA,69.44,-133.03,26.6,12.75,92,90,1537671600
1066,Chiredzi,ZW,-21.05,31.67,63.8,9.22,81,0,1537675580
1067,Barrow,AR,-38.31,-60.23,55.88,9.66,40,0,1537675415
1068,Khatanga,RU,71.98,102.47,46.07,3.51,95,92,1537675446
1069,Atuona,PF,-9.8,-139.03,79.82,8.32,100,0,1537675431
1070,Makueni,KE,-1.8,37.62,60.96,2.95,94,68,1537675581
1071,Esperance,TT,10.24,-61.45,77.0,4.74,94,20,1537671600
1072,Cabo San Lucas,MX,22.89,-109.91,80.6,11.79,78,20,1537670460
1073,Hobart,AU,-42.88,147.33,51.8,23.04,60,20,1537673400
1074,Ahipara,NZ,-35.17,173.16,59.61,14.25,80,0,1537675581
1075,Ribeira Grande,PT,38.52,-28.7,75.36,15.37,95,76,1537675406
1076,Arcata,US,40.87,-124.08,59.0,9.17,93,1,1537673700
1077,Morondava,MG,-20.3,44.28,69.24,4.74,100,0,1537675582
1078,Bathsheba,BB,13.22,-59.52,80.6,10.29,78,40,1537671600
1079,New Norfolk,AU,-42.78,147.06,51.8,23.04,64,20,1537673400
1080,Port Alfred,ZA,-33.59,26.89,60.47,7.2,100,24,1537675398
1081,Alice Springs,AU,-23.7,133.88,80.6,6.93,11,0,1537673400
1082,Punta Arenas,CL,-53.16,-70.91,28.4,6.93,79,40,1537671600
1083,Bluff,AU,-23.58,149.07,82.47,11.23,29,0,1537675407
1084,Chuy,UY,-33.69,-53.46,65.96,8.77,97,92,1537675292
1085,Rikitea,PF,-23.12,-134.97,71.09,7.09,100,92,1537675404
1086,Ushuaia,AR,-54.81,-68.31,32.0,10.29,100,75,1537671600
1087,Rikitea,PF,-23.12,-134.97,71.09,7.09,100,92,1537675404
1088,Teluk Intan,MY,4.02,101.03,87.8,3.36,66,75,1537671600
1089,Ribeira Grande,PT,38.52,-28.7,75.36,15.37,95,76,1537675406
1090,Busselton,AU,-33.64,115.35,62.67,4.97,97,44,1537675407
1091,Saint-Francois,FR,46.42,3.91,66.2,3.36,59,90,1537673400
1092,Jaru,BR,-10.43,-62.48,78.02,2.06,88,24,1537675584
1093,Alice Springs,AU,-23.7,133.88,80.6,6.93,11,0,1537673400
1094,Naryan-Mar,RU,67.67,53.09,54.98,14.7,86,76,1537675585
1095,Kodiak,US,39.95,-94.76,51.98,5.19,96,1,1537674780
1096,Avarua,CK,-21.21,-159.78,73.4,11.41,83,75,1537671600
1097,Buxton,GB,53.26,-1.91,48.2,1.12,93,92,1537674600
1098,Rikitea,PF,-23.12,-134.97,71.09,7.09,100,92,1537675404
1099,Ushuaia,AR,-54.81,-68.31,32.0,10.29,100,75,1537671600
1100,Punta Arenas,CL,-53.16,-70.91,28.4,6.93,79,40,1537671600
1101,Punta Arenas,CL,-53.16,-70.91,28.4,6.93,79,40,1537671600
1102,Khatanga,RU,71.98,102.47,46.07,3.51,95,92,1537675446
1103,Castro,CL,-42.48,-73.76,45.57,7.2,100,88,1537675391
1104,Mahebourg,MU,-20.41,57.7,77.0,16.11,65,40,1537675200
1105,Karratha,AU,-20.74,116.85,93.99,4.63,8,0,1537675586
1106,Butaritari,KI,3.07,172.79,85.17,6.64,100,8,1537675418
1107,Ushuaia,AR,-54.81,-68.31,32.0,10.29,100,75,1537671600
1108,Vaini,IN,15.34,74.49,71.9,2.73,92,48,1537675401
1109,Barrow,AR,-38.31,-60.23,55.88,9.66,40,0,1537675415
1110,Hermanus,ZA,-34.42,19.24,33.29,2.73,96,0,1537675409
1111,Ribeira Grande,PT,38.52,-28.7,75.36,15.37,95,76,1537675406
1112,Chapais,CA,49.78,-74.86,33.8,6.93,100,90,1537674480
1113,Hithadhoo,MV,-0.6,73.08,83.82,5.53,100,56,1537675406
1114,Arraial do Cabo,BR,-22.97,-42.02,67.04,2.95,100,20,1537675400
1115,Namatanai,PG,-3.66,152.44,84.27,12.8,97,20,1537675588
1116,Ribeira Grande,PT,38.52,-28.7,75.36,15.37,95,76,1537675406
1117,Mataura,NZ,-46.19,168.86,45.71,14.7,95,92,1537675399
1118,North Bend,US,43.41,-124.22,57.92,5.82,93,1,1537671360
1119,Mar del Plata,AR,-46.43,-67.52,41.52,7.54,100,88,1537675398
1120,Albany,US,42.65,-73.75,51.98,4.7,74,90,1537674660
1121,Sawakin,SD,19.1,37.33,76.58,3.74,97,36,1537675589
1122,Ushuaia,AR,-54.81,-68.31,32.0,10.29,100,75,1537671600
1123,Jamestown,AU,-33.21,138.6,69.47,6.2,34,36,1537675421
1124,Ilulissat,GL,69.22,-51.1,30.2,18.34,39,0,1537671000
1125,Nome,US,30.04,-94.42,76.46,4.74,91,1,1537672500
1126,Ludvika,SE,60.15,15.18,44.6,9.17,75,0,1537672800
1127,Hobart,AU,-42.88,147.33,51.8,23.04,60,20,1537673400
1128,Ushuaia,AR,-54.81,-68.31,32.0,10.29,100,75,1537671600
1129,Khatanga,RU,71.98,102.47,46.07,3.51,95,92,1537675446
1130,Faya,SA,18.39,42.45,64.4,6.2,27,0,1537671600
1131,Rani,NP,26.42,87.27,81.66,2.95,85,92,1537675593
1132,General Roca,AR,-39.03,-67.58,57.2,13.87,35,0,1537675200
1133,Guerrero Negro,MX,27.97,-114.04,71.0,9.66,87,20,1537675464
1134,Biak,ID,-0.91,122.88,82.52,6.64,81,36,1537675594
1135,Longyearbyen,NO,78.22,15.63,35.6,26.4,64,75,1537671000
1136,Pevek,RU,69.7,170.27,44.36,2.17,100,76,1537675424
1137,Hun,BE,50.34,4.87,51.8,5.82,100,75,1537674600
1138,Tasiilaq,GL,65.61,-37.64,32.0,4.7,100,0,1537674600
1139,Provideniya,RU,64.42,-173.23,46.56,15.59,92,0,1537675450
1140,Ilo,PE,-17.65,-71.34,50.48,2.62,100,0,1537675595
1141,Kiama,AU,-34.67,150.86,62.6,11.41,63,75,1537671600
1142,Butaritari,KI,3.07,172.79,85.17,6.64,100,8,1537675418
1143,Barrow,AR,-38.31,-60.23,55.88,9.66,40,0,1537675415
1144,Ayagoz,KZ,47.96,80.43,57.14,10.56,78,88,1537675596
1145,Airai,TL,-8.93,125.41,86.66,2.62,34,0,1537675493
1146,Airai,TL,-8.93,125.41,86.66,2.62,34,0,1537675493
1147,Mataura,NZ,-46.19,168.86,45.71,14.7,95,92,1537675399
1148,Yulara,AU,-25.24,130.99,78.8,12.75,15,0,1537671600
1149,Jamestown,AU,-33.21,138.6,69.47,6.2,34,36,1537675421
1150,Banjar,ID,-7.37,108.54,78.11,3.62,78,48,1537675597
1151,Jieshi,CN,22.82,115.83,80.27,5.97,100,80,1537675597
1152,Asyut,EG,27.18,31.19,69.8,11.41,73,0,1537671600
1153,Mataura,NZ,-46.19,168.86,45.71,14.7,95,92,1537675399
1154,Rikitea,PF,-23.12,-134.97,71.09,7.09,100,92,1537675404
1155,Khatanga,RU,71.98,102.47,46.07,3.51,95,92,1537675446
1156,Busselton,AU,-33.64,115.35,62.67,4.97,97,44,1537675407
1157,Pisco,PE,-13.71,-76.2,60.8,12.75,87,0,1537671600
1158,Port Alfred,ZA,-33.59,26.89,60.47,7.2,100,24,1537675398
1159,Tambun,MY,4.62,101.14,87.8,3.36,70,75,1537671600
1160,Hermanus,ZA,-34.42,19.24,33.29,2.73,96,0,1537675409
1161,San Policarpo,PH,12.18,125.51,82.43,11.23,95,68,1537675599
1162,Alugan,PH,12.22,125.48,82.43,11.23,95,68,1537675599
1163,Geraldton,CA,49.72,-86.95,35.6,3.36,93,90,1537671600
1164,Muros,ES,42.77,-9.06,59.0,2.24,100,90,1537673400
1165,Bajil,ES,38.23,-2.07,58.22,1.95,82,0,1537675599
1166,Lompoc,US,34.64,-120.46,60.98,4.7,77,1,1537673940
1167,Hobart,AU,-42.88,147.33,51.8,23.04,60,20,1537673400
1168,Atuona,PF,-9.8,-139.03,79.82,8.32,100,0,1537675431
1169,Palmer,US,61.6,-149.11,57.92,3.36,77,90,1537671360
1170,Airai,TL,-8.93,125.41,86.66,2.62,34,0,1537675493
1171,Punta Arenas,CL,-53.16,-70.91,28.4,6.93,79,40,1537671600
1172,Port Alfred,ZA,-33.59,26.89,60.47,7.2,100,24,1537675398
1173,Thompson,CA,55.74,-97.86,26.6,3.4,73,5,1537671600
1174,Horodnya,UA,51.89,31.6,50.12,10.0,99,80,1537675601
1175,Muros,ES,42.77,-9.06,59.0,2.24,100,90,1537673400
1176,Georgetown,GY,6.8,-58.16,77.0,4.7,94,0,1537671600
1177,Port Elizabeth,US,39.31,-74.98,64.04,3.36,75,90,1537674900
1178,Concarneau,FR,47.88,-3.92,64.4,14.99,93,90,1537673400
1179,Umm Kaddadah,SD,13.6,26.69,73.34,3.62,77,0,1537675601
1180,Ushuaia,AR,-54.81,-68.31,32.0,10.29,100,75,1537671600
1181,Ca Mau,VN,9.18,105.15,84.27,4.52,92,36,1537675602
1182,Saint-Philippe,CA,45.36,-73.48,50.0,5.82,81,1,1537672500
1183,Yulara,AU,-25.24,130.99,78.8,12.75,15,0,1537671600
1184,Saldanha,PT,41.42,-6.55,51.56,1.95,79,8,1537675118
1185,Port Moresby,PG,-9.47,147.16,82.4,23.04,69,20,1537671600
1186,Vila Franca do Campo,PT,37.72,-25.43,69.8,2.24,88,20,1537673400
1187,Vaini,IN,15.34,74.49,71.9,2.73,92,48,1537675401
1188,Tasiilaq,GL,65.61,-37.64,32.0,4.7,100,0,1537674600
1189,Jamestown,AU,-33.21,138.6,69.47,6.2,34,36,1537675421
1190,Nanortalik,GL,60.14,-45.24,38.82,28.12,98,92,1537675483
1191,Kaitangata,NZ,-46.28,169.85,46.25,15.7,100,80,1537675567
1192,Arroyo,US,41.39,-78.88,51.08,5.82,89,1,1537674840
1193,Faanui,PF,-16.48,-151.75,74.6,19.95,100,92,1537675436
1194,Kapaa,US,22.08,-159.32,84.02,10.29,81,40,1537671360
1195,Pyu,MM,18.48,96.43,81.35,3.18,90,56,1537675604
1196,Surt,LY,31.21,16.59,73.29,4.41,100,0,1537675604
1197,Pingliang,CN,35.54,106.68,64.52,3.74,68,56,1537675605
1198,Beringovskiy,RU,63.05,179.32,45.8,14.92,97,88,1537675605
1199,Nome,US,30.04,-94.42,76.46,4.74,91,1,1537672500
1200,Narasannapeta,IN,18.42,84.04,83.87,3.51,87,8,1537675605
1201,Atuona,PF,-9.8,-139.03,79.82,8.32,100,0,1537675431
1202,Rikitea,PF,-23.12,-134.97,71.09,7.09,100,92,1537675404
1203,Qaanaaq,GL,77.48,-69.36,16.14,10.22,100,0,1537675453
1204,Talnakh,RU,69.49,88.39,45.08,11.01,94,92,1537675568
1205,Hobyo,SO,5.35,48.53,75.5,19.51,88,0,1537675429
1206,Nouakchott,MR,18.08,-15.98,82.16,9.66,94,64,1537675557
1207,Gushikawa,JP,26.35,127.87,87.8,5.82,71,20,1537671600
1208,Dikson,RU,73.51,80.55,41.61,12.24,90,92,1537675391
1209,Jamestown,AU,-33.21,138.6,69.47,6.2,34,36,1537675421
1210,Hobart,AU,-42.88,147.33,51.8,23.04,60,20,1537673400
1211,Jamestown,AU,-33.21,138.6,69.47,6.2,34,36,1537675421
1212,Hilo,US,19.71,-155.08,82.04,6.93,62,40,1537671780
1213,Vaini,IN,15.34,74.49,71.9,2.73,92,48,1537675401
1214,Utinga,BR,-5.82,-35.4,73.4,4.7,83,20,1537675200
1215,Waipawa,NZ,-39.94,176.59,62.22,2.84,61,0,1537675449
1216,Saint-Leu,RE,-21.15,55.28,75.2,5.82,50,40,1537673400
1217,Rikitea,PF,-23.12,-134.97,71.09,7.09,100,92,1537675404
1218,New Norfolk,AU,-42.78,147.06,51.8,23.04,64,20,1537673400
1219,Cimarron Hills,US,38.86,-104.7,69.98,4.7,6,1,1537673700
1220,Isangel,VU,-19.55,169.27,71.49,17.72,100,44,1537675463
1221,Zhigansk,RU,66.77,123.37,41.84,3.85,87,64,1537675608
1222,Ilulissat,GL,69.22,-51.1,30.2,18.34,39,0,1537671000
1223,Ahipara,NZ,-35.17,173.16,59.61,14.25,80,0,1537675581
1224,Civitavecchia,IT,42.09,11.79,66.2,3.36,100,0,1537672800
1225,Paita,PE,-5.09,-81.11,66.41,6.53,84,0,1537675609
1226,Genhe,CN,50.78,121.52,44.94,11.68,81,64,1537675610
1227,Jamestown,AU,-33.21,138.6,69.47,6.2,34,36,1537675421
1228,Raudeberg,NO,61.99,5.14,46.4,11.41,81,92,1537672800
1229,Carnarvon,ZA,-30.97,22.13,37.43,6.2,63,12,1537675413
1230,Avera,US,33.19,-82.53,78.98,6.98,86,1,1537673700
1231,Narasapur,IN,16.45,81.67,84.41,2.39,96,76,1537675610
1232,Liepaja,LV,56.52,21.02,55.4,18.34,71,68,1537674600
1233,Arraial do Cabo,BR,-22.97,-42.02,67.04,2.95,100,20,1537675400
1234,Rikitea,PF,-23.12,-134.97,71.09,7.09,100,92,1537675404
1235,Yellowknife,CA,62.45,-114.38,41.0,10.29,74,20,1537671600
1236,Avera,US,33.19,-82.53,78.98,6.98,86,1,1537673700
1237,Avarua,CK,-21.21,-159.78,73.4,11.41,83,75,1537671600
1238,Busselton,AU,-33.64,115.35,62.67,4.97,97,44,1537675407
1239,Mataura,NZ,-46.19,168.86,45.71,14.7,95,92,1537675399
1240,San Felipe,CL,-32.75,-70.73,53.6,4.7,81,75,1537675200
1241,Pangnirtung,CA,66.15,-65.72,27.39,6.2,88,56,1537675612
1242,Rikitea,PF,-23.12,-134.97,71.09,7.09,100,92,1537675404
1243,Ilulissat,GL,69.22,-51.1,30.2,18.34,39,0,1537671000
1244,Jamestown,AU,-33.21,138.6,69.47,6.2,34,36,1537675421
1245,Pa Sang,TH,18.53,98.94,87.8,3.36,66,20,1537673400
1246,Punta Arenas,CL,-53.16,-70.91,28.4,6.93,79,40,1537671600
1247,Ixtapa,MX,20.71,-105.21,78.8,1.83,100,75,1537670520
1248,Bluff,AU,-23.58,149.07,82.47,11.23,29,0,1537675407
1249,Hilo,US,19.71,-155.08,82.04,6.93,62,40,1537671780
1250,Ushuaia,AR,-54.81,-68.31,32.0,10.29,100,75,1537671600
1251,Ushuaia,AR,-54.81,-68.31,32.0,10.29,100,75,1537671600
1252,Gweru,ZW,-19.46,29.82,53.0,7.54,62,0,1537675614
1253,Hilo,US,19.71,-155.08,82.04,6.93,62,40,1537671780
1254,Atuona,PF,-9.8,-139.03,79.82,8.32,100,0,1537675431
1255,Prince Rupert,CA,54.32,-130.32,50.0,4.7,100,1,1537671600
1256,Barsovo,RU,61.17,73.17,48.2,2.24,93,0,1537673400
1257,Vaini,IN,15.34,74.49,71.9,2.73,92,48,1537675401
1258,Aberdeen,US,45.47,-98.49,59.0,10.29,72,1,1537674780
1259,Georgetown,GY,6.8,-58.16,77.0,4.7,94,0,1537671600
1260,Daru,SL,7.99,-10.85,72.89,8.43,99,92,1537675405
1261,Jamestown,AU,-33.21,138.6,69.47,6.2,34,36,1537675421
1262,Jamestown,AU,-33.21,138.6,69.47,6.2,34,36,1537675421
1263,Georgetown,GY,6.8,-58.16,77.0,4.7,94,0,1537671600
1264,Nikolskoye,RU,59.7,30.79,48.2,6.71,87,0,1537671600
1265,Yeniseysk,RU,58.45,92.17,52.59,3.4,73,12,1537675462
1266,Busselton,AU,-33.64,115.35,62.67,4.97,97,44,1537675407
1267,Ushuaia,AR,-54.81,-68.31,32.0,10.29,100,75,1537671600
1268,Batemans Bay,AU,-35.71,150.18,60.11,4.18,80,56,1537675405
1269,Port Alfred,ZA,-33.59,26.89,60.47,7.2,100,24,1537675398
1270,Tiksi,RU,71.64,128.87,34.82,12.46,100,64,1537675446
1271,San Quintin,PH,17.54,120.52,87.8,6.93,66,20,1537671600
1272,Lata,IN,30.78,78.62,53.31,1.83,100,100,1537675617
1273,Hovd,NO,63.83,10.7,46.4,24.16,87,90,1537672800
1274,Port Hardy,CA,50.7,-127.42,44.6,4.7,87,20,1537671600
1275,Bluff,AU,-23.58,149.07,82.47,11.23,29,0,1537675407
1276,Provideniya,RU,64.42,-173.23,46.56,15.59,92,0,1537675450
1277,Yellowknife,CA,62.45,-114.38,41.0,10.29,74,20,1537671600
1278,Guerrero Negro,MX,27.97,-114.04,71.0,9.66,87,20,1537675464
1279,Salinopolis,BR,-0.61,-47.36,80.72,15.14,96,44,1537675606
1280,Ilhabela,BR,-23.78,-45.36,70.32,13.69,100,64,1537675618
1281,Padang,ID,-0.92,100.36,81.71,3.62,100,0,1537675471
1282,Bredasdorp,ZA,-34.53,20.04,42.8,3.36,87,0,1537671600
1283,Saint-Philippe,CA,45.36,-73.48,50.0,5.82,81,1,1537672500
1284,Kamaishi,JP,39.28,141.86,77.0,5.82,61,40,1537671600
1285,Ushuaia,AR,-54.81,-68.31,32.0,10.29,100,75,1537671600
1286,Keelung,TW,25.13,121.74,89.6,10.29,74,75,1537673400
1287,Kruisfontein,ZA,-34.0,24.73,51.92,5.41,100,0,1537675502
1288,Hilo,US,19.71,-155.08,82.04,6.93,62,40,1537671780
1289,Barrow,AR,-38.31,-60.23,55.88,9.66,40,0,1537675415
1290,Takaungu,KE,-3.68,39.86,72.8,7.65,82,92,1537675619
1291,Aklavik,CA,68.22,-135.01,37.4,6.93,93,75,1537671600
1292,Xining,CN,36.62,101.77,49.22,1.5,78,44,1537675240
1293,Rikitea,PF,-23.12,-134.97,71.09,7.09,100,92,1537675404
1294,Dicabisagan,PH,17.08,122.42,82.43,6.2,96,12,1537675620
1295,Chuy,UY,-33.69,-53.46,65.96,8.77,97,92,1537675292
1296,Tura,IN,25.52,90.21,80.9,3.4,90,92,1537675564
1297,Bethel,US,60.79,-161.76,50.0,21.92,89,90,1537673100
1298,Yatou,CM,3.63,9.81,79.32,10.45,100,68,1537675487
1299,Bambous Virieux,MU,-20.34,57.76,77.0,16.11,65,40,1537675200
1300,Hilo,US,19.71,-155.08,82.04,6.93,62,40,1537671780
1301,Butaritari,KI,3.07,172.79,85.17,6.64,100,8,1537675418
1302,Mataura,NZ,-46.19,168.86,45.71,14.7,95,92,1537675399
1303,Vera Cruz,BR,-22.22,-49.82,65.69,4.63,68,0,1537675622
1304,Atuona,PF,-9.8,-139.03,79.82,8.32,100,0,1537675431
1305,Yellowknife,CA,62.45,-114.38,41.0,10.29,74,20,1537671600
1306,Mataura,NZ,-46.19,168.86,45.71,14.7,95,92,1537675399
1307,Marsh Harbour,BS,26.54,-77.06,82.29,8.66,100,0,1537675622
1308,Yellowknife,CA,62.45,-114.38,41.0,10.29,74,20,1537671600
1309,El Cobre,CU,20.05,-75.95,78.8,4.7,78,20,1537671000
1310,Leningradskiy,RU,69.38,178.42,41.03,1.83,100,92,1537675329
1311,Dikson,RU,73.51,80.55,41.61,12.24,90,92,1537675391
1312,Broome,GB,52.47,1.45,51.8,3.36,87,92,1537674600
1313,Dombarovskiy,RU,50.76,59.54,46.92,3.62,89,92,1537675623
1314,Hermanus,ZA,-34.42,19.24,33.29,2.73,96,0,1537675409
1315,Butaritari,KI,3.07,172.79,85.17,6.64,100,8,1537675418
1316,Mataura,NZ,-46.19,168.86,45.71,14.7,95,92,1537675399
1317,Busselton,AU,-33.64,115.35,62.67,4.97,97,44,1537675407
1318,New Norfolk,AU,-42.78,147.06,51.8,23.04,64,20,1537673400
1319,Namibe,AO,-15.19,12.15,65.42,3.74,100,0,1537675266
1320,Ushuaia,AR,-54.81,-68.31,32.0,10.29,100,75,1537671600
1321,Lazaro Cardenas,MX,28.39,-105.62,62.6,3.36,72,5,1537670700
1322,Rikitea,PF,-23.12,-134.97,71.09,7.09,100,92,1537675404
1323,Lebu,ET,8.96,38.73,53.6,4.7,76,20,1537671600
1324,Ashcroft,AU,-33.91,150.9,73.4,19.46,77,20,1537673400
1325,Acapulco,MX,16.86,-99.88,84.2,3.62,74,75,1537670640
1326,Aklavik,CA,68.22,-135.01,37.4,6.93,93,75,1537671600
1327,Two Rivers,US,44.15,-87.57,53.06,6.93,73,1,1537671360
1328,Namibe,AO,-15.19,12.15,65.42,3.74,100,0,1537675266
1329,Henties Bay,NA,-22.12,14.28,53.63,7.2,100,12,1537675427
1330,Chuy,UY,-33.69,-53.46,65.96,8.77,97,92,1537675292
1331,Tasiilaq,GL,65.61,-37.64,32.0,4.7,100,0,1537674600
1332,Namibe,AO,-15.19,12.15,65.42,3.74,100,0,1537675266
1333,Barmer,IN,25.74,71.4,80.54,8.66,73,68,1537675626
1334,Esperance,TT,10.24,-61.45,77.0,4.74,94,20,1537671600
1335,Kapaa,US,22.08,-159.32,84.02,10.29,81,40,1537671360
1336,Cape Town,ZA,-33.93,18.42,55.4,12.75,71,0,1537671600
1337,Yumen,CN,40.29,97.04,55.47,9.44,40,24,1537675459
1338,Atuona,PF,-9.8,-139.03,79.82,8.32,100,0,1537675431
1339,Turukhansk,RU,65.8,87.96,49.17,12.35,99,88,1537675399
1340,Jamestown,AU,-33.21,138.6,69.47,6.2,34,36,1537675421
1341,Nikolskoye,RU,59.7,30.79,48.2,6.71,87,0,1537671600
1342,Vila Franca do Campo,PT,37.72,-25.43,69.8,2.24,88,20,1537673400
1343,Nome,US,30.04,-94.42,76.46,4.74,91,1,1537672500
1344,Yellowknife,CA,62.45,-114.38,41.0,10.29,74,20,1537671600
1345,Cayenne,GF,4.94,-52.33,77.0,2.24,94,0,1537673400
1346,Pisco,PE,-13.71,-76.2,60.8,12.75,87,0,1537671600
1347,Mar del Plata,AR,-46.43,-67.52,41.52,7.54,100,88,1537675398
1348,Rikitea,PF,-23.12,-134.97,71.09,7.09,100,92,1537675404
1349,Barabai,ID,-2.59,115.38,89.81,2.73,55,0,1537675629
1350,Hermanus,ZA,-34.42,19.24,33.29,2.73,96,0,1537675409
1351,Busselton,AU,-33.64,115.35,62.67,4.97,97,44,1537675407
1352,Puerto Ayora,EC,-0.74,-90.35,69.56,11.01,100,0,1537675455
1353,Cape Town,ZA,-33.93,18.42,55.4,12.75,71,0,1537671600
1354,Mezen,RU,65.85,44.24,59.79,6.64,99,92,1537675630
1355,Osakarovka,KZ,50.56,72.58,49.26,11.68,100,92,1537675630
1356,Barrow,AR,-38.31,-60.23,55.88,9.66,40,0,1537675415
1357,New Norfolk,AU,-42.78,147.06,51.8,23.04,64,20,1537673400
1358,Hermanus,ZA,-34.42,19.24,33.29,2.73,96,0,1537675409
1359,Avarua,CK,-21.21,-159.78,73.4,11.41,83,75,1537671600
1360,Ushuaia,AR,-54.81,-68.31,32.0,10.29,100,75,1537671600
